"categ_prodotto";"cod_articolo";"cod_iva";"conto_acq";"conto_ven";"descrizione";"f1";"f2";"fattore_convers";"gruppo_fiscale";"mastro_acq";"mastro_ven";"prezzo_acquisto";"provvigione";"um_carico";"tempo_riordino";"um_scarico"
"D3A1";"109A";"4";"0";"1";"PRODOTTO 1";"";"";"0";"";"";"58";"0,75";"0";"NR.";"12";"NR."
"K2";"110";"10";"0";"1";"PRODOTTO 2";"";"";"0";"";"";"58";"6,01";"0";"NR.";"4";"NR"
"D3A1";"1102";"10";"0";"1";"PRODOTTO 3";"";"";"0";"";"";"58";"0,0";"0";"NR.";"0";"NR."
"D3A1";"1102A";"10";"0";"1";"PRODOTTO 4";"";"";"0";"";"";"58";"0,0";"0";"NR.";"0";"NR."
"D3A1";"111";"10";"0";"1";"PRODOTTO 5";"";"";"0";"";"";"58";"6,32";"0";"NR.";"4";"NR"
"D3A1";"112";"10";"0";"1";"PRODOTTO 6";"";"";"0";"";"";"58";"6,55";"0";"NR.";"4";"NR"
"D3A1";"113";"10";"2";"2";"PRODOTTO 7";"";"";"0";"";"66";"58";"6,52";"0";"NR.";"4";"NR"
"D3A1";"114";"10";"0";"1";"PRODOTTO 8";"";"";"0";"";"";"58";"6,62";"0";"NR.";"4";"NR"
"D3A1";"115";"10";"0";"1";"PRODOTTO 9";"";"";"0";"";"";"58";"0,0";"0";"NR.";"4";"NR."
"D3A1";"116";"10";"0";"1";"PRODOTTO 10";"";"";"0";"";"";"58";"0,0";"0";"NR.";"4";"NR."
"K2";"117";"10";"0";"1";"PRODOTTO 11";"";"";"0";"";"";"58";"0,0";"0";"NR.";"4";"NR."
"K2";"118";"10";"0";"1";"PRODOTTO 12";"";"";"0";"";"";"58";"0,0";"0";"NR.";"4";"NR."
"K2";"121";"10";"0";"1";"PRODOTTO 13";"";"";"0";"";"";"58";"0,0";"0";"NR.";"4";"NR."
"K2";"123";"10";"0";"1";"PRODOTTO 14";"";"";"0";"";"";"58";"0,0";"0";"NR.";"4";"NR."
"K2";"124";"10";"0";"1";"PRODOTTO 15";"";"";"0";"";"";"58";"0,0";"0";"NR.";"4";"NR."
"K2";"125";"10";"0";"1";"PRODOTTO 16";"";"";"0";"";"";"58";"0,0";"0";"NR.";"4";"NR."
"K2";"126";"10";"0";"1";"PRODOTTO 17";"";"";"0";"";"";"58";"0,0";"0";"NR.";"4";"NR."
"K2";"127";"10";"0";"1";"PRODOTTO 18";"";"";"0";"";"";"58";"0,0";"0";"NR.";"4";"NR."
"K2";"128";"10";"0";"1";"PRODOTTO 19";"";"";"0";"";"";"58";"0,0";"0";"NR.";"4";"NR."
"D3B2";"129";"10";"0";"1";"PRODOTTO 20";"";"";"0";"";"";"58";"0,0";"0";"NR.";"4";"NR."
"D3B2";"12A";"4";"0";"1";"PRODOTTO 21";"";"";"0";"";"";"58";"0,0";"0";"NR.";"12";"NR."
"D3B2";"130";"10";"0";"1";"PRODOTTO 22";"";"";"0";"";"";"58";"0,0";"0";"NR.";"4";"NR."
"D3B2";"131";"10";"0";"1";"PRODOTTO 23";"";"";"0";"";"";"58";"0,0";"0";"NR.";"4";"NR."
"D3B2";"138";"10";"0";"1";"PRODOTTO 24";"";"";"0";"";"";"58";"0,0";"0";"NR.";"6";"NR."
"D3B2";"139";"10";"0";"1";"PRODOTTO 25";"";"";"0";"";"";"58";"0,0";"0";"NR.";"12";"NR."
"D3B2";"139F";"10";"0";"1";"PRODOTTO 26";"";"";"0";"";"";"58";"0,0";"0";"NR.";"6";"NR."
"D3B2";"139G";"10";"0";"1";"PRODOTTO 27";"";"";"0";"";"";"58";"0,0";"0";"NR.";"16";"NR."
"D3B2";"139P";"20";"0";"1";"PRODOTTO 28";"";"";"0";"";"";"58";"0,0";"0";"NR.";"12";"NR."
"D3B2";"13A";"4";"0";"1";"PRODOTTO 29";"";"";"0";"";"";"58";"0,0";"0";"NR.";"12";"NR."
"D3B2";"140";"10";"0";"1";"PRODOTTO 30";"";"";"0";"";"";"58";"0,0";"0";"NR.";"6";"NR."
"D3B2";"143";"10";"0";"1";"PRODOTTO 31";"";"";"0";"";"";"58";"0,0";"0";"NR.";"12";"NR."
"D3B2";"143A";"10";"0";"1";"PRODOTTO 32";"";"";"0";"";"";"58";"0,0";"0";"";"12";"NR."
"D3B2";"143E";"10";"0";"1";"PRODOTTO 33";"";"";"0";"";"";"58";"0,0";"0";"NR.";"16";"NR."
"D3B2";"143F";"10";"0";"1";"PRODOTTO 34";"";"";"0";"";"";"58";"0,0";"0";"NR.";"6";"NR."
"D3B2";"143P";"20";"0";"1";"PRODOTTO 35";"";"";"0";"";"";"58";"0,0";"0";"NR.";"12";"NR."
"D3B2";"144";"10";"0";"1";"PRODOTTO 36";"";"";"0";"";"";"58";"0,0";"0";"NR.";"2";"NR."
"D3B2";"145";"10";"0";"1";"PRODOTTO 37";"";"";"0";"";"";"58";"0,0";"0";"NR.";"4";"NR."
"D3B2";"146";"10";"0";"1";"PRODOTTO 38";"";"";"0";"";"";"58";"0,0";"0";"NR.";"4";"NR."
"D3B2";"147";"10";"0";"1";"PRODOTTO 39";"";"";"0";"";"";"58";"0,0";"0";"NR.";"4";"NR."
"D3B2";"149";"10";"0";"1";"PRODOTTO 40";"";"";"0";"";"";"58";"0,0";"0";"NR.";"8";"NR."
"D3B2";"14A";"4";"0";"1";"PRODOTTO 41";"";"";"0";"";"";"58";"0,0";"0";"NR.";"12";"NR."
"D3B2";"151";"10";"0";"1";"PRODOTTO 42";"";"";"0";"";"";"58";"0,0";"0";"";"16";"NR."
"D3B2";"151A";"10";"0";"1";"PRODOTTO 43";"";"";"0";"";"";"58";"0,0";"0";"NR.";"12";"NR."
"D3B2";"151F";"10";"0";"1";"PRODOTTO 44";"";"";"0";"";"";"58";"0,0";"0";"NR.";"6";"NR."
"D3B2";"151P";"20";"0";"1";"PRODOTTO 45";"";"";"0";"";"";"58";"0,0";"0";"NR.";"12";"NR."
"D3B2";"152";"10";"0";"1";"PRODOTTO 46";"";"";"0";"";"";"58";"0,0";"0";"";"8";"NR."
"D3B2";"154";"10";"0";"1";"PRODOTTO 47";"";"";"0";"";"";"58";"0,0";"0";"NR.";"12";"NR."
"D3B2";"156";"10";"0";"1";"PRODOTTO 48";"";"";"0";"";"";"58";"0,0";"0";"NR.";"8";"NR."
"D3B2";"157";"10";"0";"1";"PRODOTTO 49";"";"";"0";"";"";"58";"0,0";"0";"NR.";"8";"NR."
"D3B2";"158";"10";"0";"1";"PRODOTTO 50";"";"";"0";"";"";"58";"0,0";"0";"NR.";"8";"NR."
"D3B2";"15A";"10";"0";"1";"PRODOTTO 51";"";"";"0";"";"";"58";"0,0";"0";"NR.";"16";"NR."
"D3B2";"163A";"10";"0";"1";"PRODOTTO 52";"";"";"0";"";"";"58";"0,84";"0";"NR.";"8";"NR."
"D3B2";"163P";"20";"0";"1";"PRODOTTO 53";"";"";"0";"";"";"58";"0,0";"0";"NR.";"12";"NR."
"D3B2";"165";"10";"0";"1";"PRODOTTO 54";"";"";"0";"";"";"58";"0,0";"0";"NR.";"8";"NR."
"D3B2";"17A";"10";"0";"1";"PRODOTTO 55";"";"";"0";"";"";"58";"0,0";"0";"NR.";"16";"NR."
"D3B2";"18";"10";"0";"1";"PRODOTTO 56";"";"";"0";"";"";"58";"0,0";"0";"NR.";"4";"NR."
"D3B2";"181";"10";"0";"0";"PRODOTTO 57";"";"";"0";"";"";"";"0,0";"0";"NR.";"8";"NR."
"D3B2";"188";"10";"0";"1";"PRODOTTO 58";"";"";"0";"";"";"58";"0,0";"0";"NR.";"8";"NR."
"D3B2";"19";"10";"0";"1";"PRODOTTO 59";"";"";"0";"";"";"58";"0,0";"0";"NR.";"4";"NR."
"D3B2";"190A";"4";"0";"1";"PRODOTTO 60";"";"";"0";"";"";"58";"0,0";"0";"NR.";"12";"NR."
"D3B2";"191";"10";"0";"1";"PRODOTTO 61";"";"";"0";"";"";"58";"0,0";"0";"NR.";"8";"NR."
"D3B2";"192";"10";"0";"1";"PRODOTTO 62";"";"";"0";"";"";"58";"0,0";"0";"NR.";"8";"NR."
"D3B2";"194A";"10";"0";"1";"PRODOTTO 63";"";"";"0";"";"";"58";"0,0";"0";"NR.";"8";"NR."
"D3B2";"195";"10";"0";"1";"PRODOTTO 64";"";"";"0";"";"";"58";"0,0";"0";"NR.";"8";"NR."
"D3B2";"195A";"10";"2";"2";"PRODOTTO 65";"";"";"0";"";"66";"58";"0,85";"0";"NR.";"8";"NR."
"D3B2";"196";"10";"0";"1";"PRODOTTO 66";"";"";"0";"";"";"58";"0,0";"0";"NR.";"8";"NR."
"D3B2";"197";"10";"0";"1";"PRODOTTO 67";"";"";"0";"";"";"58";"0,0";"0";"NR.";"8";"NR."
"D3B2";"20";"10";"0";"1";"PRODOTTO 68";"";"";"0";"";"";"58";"0,0";"0";"NR.";"4";"NR."
"D3B2";"202";"10";"0";"1";"PRODOTTO 69";"";"";"0";"";"";"58";"0,0";"0";"NR.";"8";"NR."
"D3B2";"203";"10";"0";"1";"PRODOTTO 70";"";"";"0";"";"";"58";"0,0";"0";"NR.";"8";"NR."
"D3B2";"21";"10";"0";"1";"PRODOTTO 71";"";"";"0";"";"";"58";"0,0";"0";"NR.";"8";"NR."
"D3B2";"218";"10";"0";"1";"PRODOTTO 72";"";"";"0";"";"";"58";"0,0";"0";"NR.";"4";"NR."
"D3B2";"23";"10";"0";"1";"PRODOTTO 73";"";"";"0";"";"";"58";"0,0";"0";"NR.";"6";"NR."
"D4B6";"24";"10";"0";"1";"PRODOTTO 74";"";"";"0";"";"";"58";"0,0";"0";"NR.";"6";"NR."
"D4B6";"25";"10";"0";"1";"PRODOTTO 75";"";"";"0";"";"";"58";"0,0";"0";"NR.";"6";"NR."
"D4B6";"254";"10";"0";"1";"PRODOTTO 76";"";"";"0";"";"";"58";"0,0";"0";"NR.";"14";"NR."
"D4B6";"255";"10";"0";"1";"PRODOTTO 77";"";"";"0";"";"";"58";"0,0";"0";"NR.";"12";"NR."
"D4B6";"258";"10";"0";"1";"PRODOTTO 78";"";"";"0";"";"";"58";"0,0";"0";"NR.";"20";"NR."
"D4B6";"259";"10";"0";"1";"PRODOTTO 79";"";"";"0";"";"";"58";"0,0";"0";"NR.";"20";"NR."
"D4B6";"26";"10";"0";"1";"PRODOTTO 80";"";"";"0";"";"";"58";"0,0";"0";"NR.";"6";"NR."
"D4B6";"260";"10";"0";"1";"PRODOTTO 81";"";"";"0";"";"";"58";"0,0";"0";"NR.";"20";"NR."
"D4B6";"261";"10";"0";"1";"PRODOTTO 82";"";"";"0";"";"";"58";"0,0";"0";"NR.";"20";"NR."
"D4B6";"262";"10";"0";"1";"PRODOTTO 83";"";"";"0";"";"";"58";"0,0";"0";"NR.";"20";"NR."
"D4B6";"263A";"4";"0";"1";"PRODOTTO 84";"";"";"0";"";"";"58";"0,0";"0";"NR.";"12";"NR."
"D4B6";"265";"10";"0";"1";"PRODOTTO 85";"";"";"0";"";"";"58";"0,0";"0";"NR.";"20";"NR."
"D4B6";"266";"10";"0";"1";"PRODOTTO 86";"";"";"0";"";"";"58";"0,0";"0";"NR.";"8";"NR."
"D4B6";"266E";"10";"0";"1";"PRODOTTO 87";"";"";"0";"";"";"58";"0,0";"0";"NR.";"16";"NR."
"D4B6";"267";"10";"2";"2";"PRODOTTO 88";"";"";"0";"";"66";"58";"1,59";"0";"NR.";"12";"NR."
"D4B6";"267E";"10";"0";"1";"PRODOTTO 89";"";"";"0";"";"";"58";"0,0";"0";"NR.";"16";"NR."
"D4B6";"267P";"20";"0";"1";"PRODOTTO 90";"";"";"0";"";"";"58";"0,0";"0";"NR.";"8";"NR."
"D4B6";"268";"10";"2";"2";"PRODOTTO 91";"";"";"0";"";"66";"58";"1,66";"0";"NR.";"12";"NR."
"D4B6";"268E";"10";"0";"1";"PRODOTTO 92";"";"";"0";"";"";"58";"0,0";"0";"NR.";"16";"NR."
"D4B6";"269";"10";"0";"1";"PRODOTTO 93";"";"";"0";"";"";"58";"0,0";"0";"NR.";"12";"NR."
"D4B6";"269A";"10";"0";"1";"PRODOTTO 94";"";"";"0";"";"";"58";"0,0";"0";"NR.";"8";"NR."
"D4B6";"269E";"10";"0";"1";"PRODOTTO 95";"";"";"0";"";"";"58";"0,0";"0";"NR.";"16";"NR."
"D4B6";"27";"10";"0";"1";"PRODOTTO 96";"";"";"0";"";"";"58";"0,0";"0";"NR.";"6";"NR."
"D4B6";"270";"10";"0";"1";"PRODOTTO 97";"";"";"0";"";"";"58";"1,79";"0";"NR.";"12";"NR."
"D4B6";"270A";"10";"0";"1";"PRODOTTO 98";"";"";"0";"";"";"58";"0,0";"0";"NR.";"8";"NR."
"D4B6";"270E";"10";"0";"1";"PRODOTTO 99";"";"";"0";"";"";"58";"0,0";"0";"NR.";"16";"NR."
"D4B6";"270P";"20";"0";"1";"PRODOTTO 100";"";"";"0";"";"";"58";"0,0";"0";"NR.";"8";"NR."
"D4B6";"271";"10";"0";"1";"PRODOTTO 101";"";"";"0";"";"";"58";"1,92";"0";"NR.";"12";"NR."
"D4B6";"271A";"10";"0";"1";"PRODOTTO 102";"";"";"0";"";"";"58";"0,0";"0";"NR.";"8";"NR."
"D4B6";"271E";"10";"0";"1";"PRODOTTO 103";"";"";"0";"";"";"58";"0,0";"0";"NR.";"16";"NR."
"D4B6";"271P";"20";"0";"1";"PRODOTTO 104";"";"";"0";"";"";"58";"0,0";"0";"NR.";"8";"NR."
"D4B6";"272";"10";"0";"1";"PRODOTTO 105";"";"";"0";"";"";"58";"0,0";"0";"NR.";"12";"NR."
"D4B6";"273";"10";"0";"1";"PRODOTTO 106";"";"";"0";"";"";"58";"0,0";"0";"NR.";"8";"NR."
"D4B6";"274";"10";"0";"1";"PRODOTTO 107";"";"";"0";"";"";"58";"0,0";"0";"NR";"12";"NR"
"D4B6";"275";"10";"0";"1";"PRODOTTO 108";"";"";"0";"";"";"58";"0,0";"0";"NR.";"8";"NR."
"D4B6";"277";"10";"2";"2";"PRODOTTO 109";"";"";"0";"";"66";"58";"6,58";"0";"NR";"8";"NR."
"D4B6";"278";"10";"0";"1";"PRODOTTO 110";"";"";"0";"";"";"58";"0,0";"0";"NR.";"8";"NR."
"D4B6";"279";"10";"0";"1";"PRODOTTO 111";"";"";"0";"";"";"58";"0,0";"0";"NR.";"12";"NR."
"D4B6";"279A";"10";"0";"1";"PRODOTTO 112";"";"";"0";"";"";"58";"0,0";"0";"NR.";"8";"NR."
"D4B6";"279E";"10";"0";"1";"PRODOTTO 113";"";"";"0";"";"";"58";"0,0";"0";"NR.";"16";"NR."
"D4B6";"28";"10";"0";"1";"PRODOTTO 114";"";"";"0";"";"";"58";"0,0";"0";"NR.";"6";"NR."
"D4B6";"280";"10";"0";"1";"PRODOTTO 115";"";"";"0";"";"";"58";"0,0";"0";"NR.";"4";"NR."
"D4B6";"281";"10";"0";"1";"PRODOTTO 116";"";"";"0";"";"";"58";"0,0";"0";"NR";"8";"NR."
"D4B6";"282";"10";"0";"1";"PRODOTTO 117";"";"";"0";"";"";"58";"0,0";"0";"NR.";"8";"NR."
"D4B6";"283A";"10";"0";"1";"PRODOTTO 118";"";"";"0";"";"";"58";"0,0";"0";"NR.";"8";"NR."
"D4B6";"283E";"10";"0";"1";"PRODOTTO 119";"";"";"0";"";"";"58";"0,0";"0";"NR.";"16";"NR."
"D4B6";"285";"10";"0";"1";"PRODOTTO 120";"";"";"0";"";"";"58";"0,0";"0";"NR.";"8";"NR."
"D4B6";"286";"10";"0";"1";"PRODOTTO 121";"";"";"0";"";"";"58";"0,0";"0";"NR.";"8";"NR."
"D4B6";"29";"10";"0";"1";"PRODOTTO 122";"";"";"0";"";"";"58";"0,0";"0";"NR.";"6";"NR."
"D4B6";"30";"10";"0";"1";"PRODOTTO 123";"";"";"0";"";"";"58";"1,04";"0";"NR.";"12";"NR."
"D4B6";"303";"10";"0";"1";"PRODOTTO 124";"";"";"0";"";"";"58";"0,0";"0";"NR.";"8";"NR."
"D4B6";"304";"10";"0";"1";"PRODOTTO 125";"";"";"0";"";"";"58";"0,0";"0";"NR.";"8";"NR."
"D4B6";"305";"10";"0";"1";"PRODOTTO 126";"";"";"0";"";"";"58";"1,13";"0";"NR.";"8";"NR."
"D4B6";"307";"10";"0";"1";"PRODOTTO 127";"";"";"0";"";"";"58";"0,89";"0";"NR.";"8";"NR."
"D4B6";"309";"10";"0";"1";"PRODOTTO 128";"";"";"0";"";"";"58";"0,0";"0";"NR.";"8";"NR."
"D4B6";"30A";"10";"0";"0";"PRODOTTO 129";"";"";"0";"";"";"";"0,0";"0";"NR.";"0";"NR."
"D4B6";"30C";"10";"0";"1";"PRODOTTO 130";"";"";"0";"";"";"58";"0,0";"0";"NR.";"8";"NR."
"D4B6";"30E";"10";"0";"1";"PRODOTTO 131";"";"";"0";"";"";"58";"0,0";"0";"NR.";"16";"NR."
"D4B6";"30F";"10";"0";"1";"PRODOTTO 132";"";"";"0";"";"";"58";"0,0";"0";"NR.";"6";"NR."
"D4B6";"31";"10";"0";"1";"PRODOTTO 133";"";"";"0";"";"";"58";"0,89";"0";"NR.";"8";"NR."
"D4B6";"31E";"10";"0";"1";"PRODOTTO 134";"";"";"0";"";"";"58";"0,0";"0";"NR.";"16";"NR."
"D4B6";"31F";"10";"0";"1";"PRODOTTO 135";"";"";"0";"";"";"58";"0,0";"0";"NR.";"6";"NR."
"D4B6";"32";"10";"0";"1";"PRODOTTO 136";"";"";"0";"";"";"58";"0,0";"0";"NR.";"12";"NR."
"D4B6";"32E";"10";"0";"1";"PRODOTTO 137";"";"";"0";"";"";"58";"0,0";"0";"NR.";"16";"NR."
"D4B6";"32F";"10";"0";"1";"PRODOTTO 138";"";"";"0";"";"";"58";"0,0";"0";"NR.";"6";"NR."
"D4B6";"32P";"20";"0";"1";"PRODOTTO 139";"";"";"0";"";"";"58";"0,0";"0";"NR.";"12";"NR."
"D4B6";"35";"10";"0";"1";"PRODOTTO 140";"";"";"0";"";"";"58";"0,0";"0";"NR.";"8";"NR."
"D4B6";"352";"10";"0";"1";"PRODOTTO 141";"";"";"0";"";"";"58";"0,0";"0";"NR.";"12";"NR."
"D4B6";"353";"10";"0";"1";"PRODOTTO 142";"";"";"0";"";"";"58";"0,0";"0";"NR.";"12";"NR."
"D4B6";"354";"10";"0";"1";"PRODOTTO 143";"";"";"0";"";"";"58";"0,0";"0";"NR.";"12";"NR."
"D4B6";"355";"10";"0";"1";"PRODOTTO 144";"";"";"0";"";"";"58";"0,0";"0";"NR.";"8";"NR."
"D4B6";"356";"10";"0";"1";"PRODOTTO 145";"";"";"0";"";"";"58";"0,0";"0";"NR.";"8";"NR."
"D4B6";"357";"10";"0";"1";"PRODOTTO 146";"";"";"0";"";"";"58";"0,0";"0";"NR.";"8";"NR."
"D4B6";"358";"10";"0";"1";"PRODOTTO 147";"";"";"0";"";"";"58";"0,0";"0";"NR.";"8";"NR."
"D4B6";"35E";"10";"0";"1";"PRODOTTO 148";"";"";"0";"";"";"58";"0,0";"0";"NR.";"16";"NR."
"D4B6";"36A";"10";"0";"1";"PRODOTTO 149";"";"";"0";"";"";"58";"0,0";"0";"NR.";"8";"NR."
"D4B6";"36E";"10";"0";"1";"PRODOTTO 150";"";"";"0";"";"";"58";"0,0";"0";"NR.";"16";"NR."
"D4B6";"36F";"10";"0";"1";"PRODOTTO 151";"";"";"0";"";"";"58";"0,0";"0";"NR.";"6";"NR."
"D4B6";"37";"10";"0";"1";"PRODOTTO 152";"";"";"0";"";"";"58";"0,0";"0";"";"8";"NR."
"D4B6";"37A";"10";"0";"1";"PRODOTTO 153";"";"";"0";"";"";"58";"0,0";"0";"NR.";"16";"NR."
"D4B6";"37B";"10";"0";"1";"PRODOTTO 154";"";"";"0";"";"";"58";"0,0";"0";"";"12";"NR."
"D4B6";"38";"10";"0";"1";"PRODOTTO 155";"";"";"0";"";"";"58";"0,0";"0";"NR.";"12";"NR"
"D4B6";"39";"10";"0";"1";"PRODOTTO 156";"";"";"0";"";"";"58";"0,0";"0";"";"8";"NR"
"D4B6";"39A";"10";"0";"1";"PRODOTTO 157";"";"";"0";"";"";"58";"0,0";"0";"";"12";"NR."
"D4B6";"39C";"10";"0";"1";"PRODOTTO 158";"";"";"0";"";"";"58";"0,0";"0";"NR.";"8";"NR."
"D4B6";"39E";"10";"0";"1";"PRODOTTO 159";"";"";"0";"";"";"58";"0,0";"0";"NR.";"16";"NR."
"D4B6";"39U";"10";"0";"1";"PRODOTTO 160";"";"";"0";"";"";"58";"0,0";"0";"NR.";"16";"NR."
"D4B6";"40";"10";"0";"1";"PRODOTTO 161";"";"";"0";"";"";"58";"0,0";"0";"NR.";"8";"NR."
"D4B6";"400A";"4";"0";"1";"PRODOTTO 162";"";"";"0";"";"";"58";"0,0";"0";"NR.";"12";"NR."
"D4B6";"40E";"10";"0";"1";"PRODOTTO 163";"";"";"0";"";"";"58";"0,0";"0";"NR.";"16";"NR."
"D4B6";"41";"10";"0";"1";"PRODOTTO 164";"";"";"0";"";"";"58";"0,0";"0";"NR.";"12";"NR"
"D4B6";"41A";"10";"0";"1";"PRODOTTO 165";"";"";"0";"";"";"58";"0,88";"0";"NR.";"8";"NR."
"D4B6";"41E";"10";"0";"1";"PRODOTTO 166";"";"";"0";"";"";"58";"0,0";"0";"NR.";"16";"NR."
"D4B6";"41U";"10";"0";"1";"PRODOTTO 167";"";"";"0";"";"";"58";"0,0";"0";"NR.";"16";"NR."
"D4B6";"42";"10";"0";"1";"PRODOTTO 168";"";"";"0";"";"";"58";"0,0";"0";"NR.";"8";"NR."
"D4B6";"422";"10";"0";"1";"PRODOTTO 169";"";"";"0";"";"";"58";"0,0";"0";"NR.";"1";"NR."
"D4B6";"42E";"10";"0";"1";"PRODOTTO 170";"";"";"0";"";"";"58";"0,0";"0";"NR.";"16";"NR."
"D4B6";"43";"10";"0";"1";"PRODOTTO 171";"";"";"0";"";"";"58";"0,0";"0";"NR.";"8";"NR."
"D4B6";"43A";"10";"0";"1";"PRODOTTO 172";"";"";"0";"";"";"58";"0,0";"0";"NR.";"12";"NR."
"D4B6";"43E";"10";"0";"1";"PRODOTTO 173";"";"";"0";"";"";"58";"0,0";"0";"NR.";"16";"NR."
"D4B6";"44";"10";"0";"1";"PRODOTTO 174";"";"";"0";"";"";"58";"0,0";"0";"NR.";"8";"NR."
"D4B6";"44A";"10";"0";"1";"PRODOTTO 175";"";"";"0";"";"";"58";"0,0";"0";"NR.";"12";"NR."
"D4B6";"44E";"10";"0";"1";"PRODOTTO 176";"";"";"0";"";"";"58";"0,0";"0";"NR.";"16";"NR."
"D4B6";"45";"10";"0";"1";"PRODOTTO 177";"";"";"0";"";"";"58";"0,0";"0";"";"12";"NR"
"D4B6";"455";"10";"0";"1";"PRODOTTO 178";"";"";"0";"";"";"58";"0,0";"0";"NR.";"4";"NR."
"D4B6";"456";"10";"0";"1";"PRODOTTO 179";"";"";"0";"";"";"58";"0,0";"0";"NR.";"4";"NR."
"D4B6";"457";"10";"0";"1";"PRODOTTO 180";"";"";"0";"";"";"58";"0,0";"0";"NR.";"4";"NR."
"D4B6";"458";"10";"0";"1";"PRODOTTO 181";"";"";"0";"";"";"58";"0,0";"0";"NR.";"4";"NR."
"D4B6";"46";"10";"0";"1";"PRODOTTO 182";"";"";"0";"";"";"58";"0,0";"0";"";"8";"NR."
"D4B6";"46A";"10";"0";"1";"PRODOTTO 183";"";"";"0";"";"";"58";"0,0";"0";"";"12";"NR."
"D4B6";"46C";"10";"0";"1";"PRODOTTO 184";"";"";"0";"";"";"58";"0,0";"0";"NR.";"8";"NR."
"D4B6";"46E";"10";"0";"1";"PRODOTTO 185";"";"";"0";"";"";"58";"0,0";"0";"NR.";"16";"NR."
"D4B6";"46U";"10";"0";"1";"PRODOTTO 186";"";"";"0";"";"";"58";"0,0";"0";"NR.";"16";"NR."
"D4B6";"47";"10";"0";"1";"PRODOTTO 187";"";"";"0";"";"";"58";"0,0";"0";"NR.";"8";"NR."
"D4B6";"47U";"10";"0";"1";"PRODOTTO 188";"";"";"0";"";"";"58";"0,0";"0";"NR.";"16";"NR."
"D4B6";"48";"10";"0";"1";"PRODOTTO 189";"";"";"0";"";"";"58";"0,0";"0";"";"16";"NR"
"D4B6";"48A";"10";"0";"0";"PRODOTTO 190";"";"";"0";"";"";"";"0,0";"0";"NR.";"0";"NR."
"D5A2";"48C";"10";"0";"1";"PRODOTTO 191";"";"";"0";"";"";"58";"0,67";"0";"NR.";"8";"NR."
"D5A2";"48E";"10";"0";"1";"PRODOTTO 192";"";"";"0";"";"";"58";"0,0";"0";"NR.";"16";"NR."
"D5A2";"48F";"10";"0";"1";"PRODOTTO 193";"";"";"0";"";"";"58";"0,0";"0";"NR.";"6";"NR."
"D5A2";"48U";"10";"0";"1";"PRODOTTO 194";"";"";"0";"";"";"58";"0,0";"0";"NR.";"16";"NR."
"D5A2";"5000";"10";"0";"1";"PRODOTTO 195";"";"";"0";"";"";"58";"0,0";"0";"NR.";"4";"NR."
"D5A2";"5001";"10";"0";"1";"PRODOTTO 196";"";"";"0";"";"";"58";"0,0";"0";"NR.";"4";"NR."
"D5A2";"5002";"10";"0";"1";"PRODOTTO 197";"";"";"0";"";"";"58";"0,0";"0";"NR.";"4";"NR."
"D5A2";"5003";"10";"0";"1";"PRODOTTO 198";"";"";"0";"";"";"58";"0,0";"0";"NR.";"4";"NR."
"D5A2";"5004";"10";"0";"1";"PRODOTTO 199";"";"";"0";"";"";"58";"0,0";"0";"NR.";"4";"NR."
"D5A2";"5005";"10";"0";"1";"PRODOTTO 200";"";"";"0";"";"";"58";"0,0";"0";"NR.";"4";"NR."
"D5A2";"5006";"10";"0";"1";"PRODOTTO 201";"";"";"0";"";"";"58";"0,0";"0";"NR.";"4";"NR."
"D5A2";"5007";"10";"0";"1";"PRODOTTO 202";"";"";"0";"";"";"58";"0,0";"0";"NR.";"4";"NR."
"D5A2";"5008";"10";"0";"1";"PRODOTTO 203";"";"";"0";"";"";"58";"0,0";"0";"NR.";"4";"NR."
"D5A2";"5009";"10";"0";"1";"PRODOTTO 204";"";"";"0";"";"";"58";"0,0";"0";"NR.";"4";"NR."
"D5A2";"5010";"10";"0";"1";"PRODOTTO 205";"";"";"0";"";"";"58";"0,0";"0";"NR.";"4";"NR."
"D5A2";"5011";"10";"0";"1";"PRODOTTO 206";"";"";"0";"";"";"58";"0,0";"0";"NR.";"4";"NR."
"D5A2";"5012";"10";"0";"1";"PRODOTTO 207";"";"";"0";"";"";"58";"0,0";"0";"NR.";"4";"NR."
"D5A2";"5013";"10";"0";"1";"PRODOTTO 208";"";"";"0";"";"";"58";"0,0";"0";"NR.";"4";"NR."
"D5A2";"5015";"10";"0";"1";"PRODOTTO 209";"";"";"0";"";"";"58";"0,0";"0";"NR.";"4";"NR."
"D5A2";"5016";"10";"0";"1";"PRODOTTO 210";"";"";"0";"";"";"58";"0,0";"0";"NR.";"4";"NR."
"D5A2";"5017";"10";"0";"1";"PRODOTTO 211";"";"";"0";"";"";"58";"0,0";"0";"NR.";"4";"NR."
"D5A2";"5018";"10";"0";"1";"PRODOTTO 212";"";"";"0";"";"";"58";"0,0";"0";"NR.";"4";"NR."
"D5A2";"5019";"10";"0";"1";"PRODOTTO 213";"";"";"0";"";"";"58";"0,0";"0";"NR.";"4";"NR."
"D5A2";"5020";"10";"0";"1";"PRODOTTO 214";"";"";"0";"";"";"58";"0,0";"0";"NR.";"4";"NR."
"D5A2";"5021";"10";"0";"0";"PRODOTTO 215";"";"";"0";"";"";"";"0,0";"0";"NR.";"4";"NR."
"D5A2";"5022";"10";"0";"0";"PRODOTTO 216";"";"";"0";"";"";"";"0,0";"0";"NR.";"4";"NR."
"D5A2";"5023";"10";"0";"0";"PRODOTTO 217";"";"";"0";"";"";"";"0,0";"0";"NR.";"4";"NR."
"D5A2";"5024";"10";"0";"0";"PRODOTTO 218";"";"";"0";"";"";"";"0,0";"0";"NR.";"4";"NR."
"D5A2";"5025";"10";"0";"0";"PRODOTTO 219";"";"";"0";"";"";"";"0,0";"0";"NR.";"4";"NR."
"D5A2";"503";"10";"0";"1";"PRODOTTO 220";"";"";"0";"";"";"58";"0,0";"0";"NR.";"14";"NR."
"D5A2";"506";"10";"0";"1";"PRODOTTO 221";"";"";"0";"";"";"58";"0,0";"0";"NR.";"4";"NR."
"D5A2";"507";"10";"0";"1";"PRODOTTO 222";"";"";"0";"";"";"58";"0,0";"0";"NR.";"4";"NR."
"D5A2";"508";"10";"0";"1";"PRODOTTO 223";"";"";"0";"";"";"58";"0,0";"0";"NR.";"4";"NR."
"D5A2";"509";"10";"0";"1";"PRODOTTO 224";"";"";"0";"";"";"58";"0,0";"0";"NR.";"4";"NR."
"D5A2";"50C";"10";"0";"1";"PRODOTTO 225";"";"";"0";"";"";"58";"0,0";"0";"NR.";"8";"NR."
"D5A2";"50E";"10";"0";"1";"PRODOTTO 226";"";"";"0";"";"";"58";"0,0";"0";"NR.";"16";"NR."
"D5A2";"50U";"10";"0";"1";"PRODOTTO 227";"";"";"0";"";"";"58";"0,0";"0";"NR.";"16";"NR."
"D5A2";"511";"10";"0";"1";"PRODOTTO 228";"";"";"0";"";"";"58";"0,0";"0";"";"4";"NR."
"D5A2";"512";"10";"0";"1";"PRODOTTO 229";"";"";"0";"";"";"58";"0,0";"0";"NR.";"4";"NR."
"D5A2";"513";"10";"0";"1";"PRODOTTO 230";"";"";"0";"";"";"58";"0,0";"0";"";"4";"NR."
"D5A2";"514";"10";"0";"1";"PRODOTTO 231";"";"";"0";"";"";"58";"0,0";"0";"NR.";"4";"NR."
"D5A2";"516";"10";"0";"1";"PRODOTTO 232";"";"";"0";"";"";"58";"0,0";"0";"NR";"4";"NR"
"D5A2";"517";"10";"0";"1";"PRODOTTO 233";"";"";"0";"";"";"58";"0,0";"0";"NR";"4";"NR"
"D5A2";"518";"10";"0";"1";"PRODOTTO 234";"";"";"0";"";"";"58";"0,0";"0";"NR.";"4";"NR."
"D5A2";"519";"10";"0";"1";"PRODOTTO 235";"";"";"0";"";"";"58";"0,0";"0";"NR.";"4";"NR."
"D5A2";"521";"10";"5";"7";"PRODOTTO 236";"";"";"0";"";"CO";"RV";"2,3";"0";"NR.";"8";"NR."
"D5A2";"522";"10";"5";"7";"PRODOTTO 237";"";"";"0";"";"CO";"RV";"2,3";"0";"NR.";"8";"NR."
"D5A2";"52C";"10";"0";"1";"PRODOTTO 238";"";"";"0";"";"";"58";"0,84";"0";"NR.";"8";"NR."
"D5A2";"52E";"10";"0";"1";"PRODOTTO 239";"";"";"0";"";"";"58";"0,0";"0";"NR.";"16";"NR."
"D5A2";"52F";"10";"0";"1";"PRODOTTO 240";"";"";"0";"";"";"58";"0,0";"0";"NR.";"6";"NR."
"D5A2";"52U";"10";"0";"1";"PRODOTTO 241";"";"";"0";"";"";"58";"0,0";"0";"NR.";"16";"NR."
"D5A2";"530";"10";"0";"1";"PRODOTTO 242";"";"";"0";"";"";"58";"0,0";"0";"NR.";"8";"NR."
"D5A2";"531";"10";"0";"1";"PRODOTTO 243";"";"";"0";"";"";"58";"0,0";"0";"NR.";"8";"NR."
"D5A2";"532";"10";"0";"1";"PRODOTTO 244";"";"";"0";"";"";"58";"0,0";"0";"NR.";"8";"NR."
"D5A2";"533";"10";"0";"1";"PRODOTTO 245";"";"";"0";"";"";"58";"0,0";"0";"NR.";"8";"NR."
"D5A2";"534";"10";"0";"1";"PRODOTTO 246";"";"";"0";"";"";"58";"0,0";"0";"NR.";"8";"NR."
"D5A2";"535";"10";"0";"1";"PRODOTTO 247";"";"";"0";"";"";"58";"0,0";"0";"NR.";"8";"NR."
"D5A2";"536";"10";"0";"1";"PRODOTTO 248";"";"";"0";"";"";"58";"0,0";"0";"NR.";"8";"NR."
"D5A2";"53A";"10";"0";"1";"PRODOTTO 249";"";"";"0";"";"";"58";"0,0";"0";"";"12";"NR."
"D5A2";"53C";"10";"0";"1";"PRODOTTO 250";"";"";"0";"";"";"58";"0,0";"0";"NR.";"8";"NR."
"D5A2";"53F";"10";"0";"1";"PRODOTTO 251";"";"";"0";"";"";"58";"0,0";"0";"NR.";"6";"NR."
"D4B3";"548";"10";"0";"1";"PRODOTTO 252";"";"";"0";"";"";"58";"0,0";"0";"NR.";"8";"NR."
"D4B3";"549";"10";"0";"1";"PRODOTTO 253";"";"";"0";"";"";"58";"0,0";"0";"NR.";"8";"NR."
"D4B3";"550";"10";"0";"1";"PRODOTTO 254";"";"";"0";"";"";"58";"0,0";"0";"NR.";"8";"NR."
"D4B3";"57A";"10";"0";"1";"PRODOTTO 255";"";"";"0";"";"";"58";"0,0";"0";"NR.";"12";"NR."
"D4B3";"57E";"10";"0";"1";"PRODOTTO 256";"";"";"0";"";"";"58";"0,0";"0";"NR.";"16";"NR."
"D4B3";"57U";"10";"0";"1";"PRODOTTO 257";"";"";"0";"";"";"58";"0,0";"0";"NR.";"16";"NR."
"D4B3";"59";"10";"0";"1";"PRODOTTO 258";"";"";"0";"";"";"58";"0,93";"0";"NR.";"8";"NR"
"D4B3";"59A";"10";"0";"1";"PRODOTTO 259";"";"";"0";"";"";"58";"0,0";"0";"NR.";"12";"NR."
"D4B3";"59E";"10";"0";"1";"PRODOTTO 260";"";"";"0";"";"";"58";"0,0";"0";"NR.";"16";"NR."
"D4B3";"601";"10";"0";"1";"PRODOTTO 261";"";"";"0";"";"";"58";"0,0";"0";"NR.";"8";"NR."
"D4B3";"61";"10";"0";"1";"PRODOTTO 262";"";"";"0";"";"";"58";"0,0";"0";"NR.";"12";"NR"
"D4B3";"62";"10";"0";"1";"PRODOTTO 263";"";"";"0";"";"";"58";"0,0";"0";"NR.";"12";"NR"
"D4B3";"63";"10";"0";"1";"PRODOTTO 264";"";"";"0";"";"";"58";"0,0";"0";"";"6";"NR"
"D4B3";"64";"10";"0";"1";"PRODOTTO 265";"";"";"0";"";"";"58";"0,0";"0";"NR.";"6";"NR"
"D4B3";"65";"10";"0";"1";"PRODOTTO 266";"";"";"0";"";"";"58";"0,0";"0";"";"12";"NR"
"D4B3";"650";"10";"0";"1";"PRODOTTO 267";"";"";"0";"";"";"58";"0,0";"0";"NR.";"8";"NR."
"D4B3";"65A";"10";"0";"1";"PRODOTTO 268";"";"";"0";"";"";"58";"0,0";"0";"";"12";"NR."
"D4B3";"65C";"10";"0";"1";"PRODOTTO 269";"";"";"0";"";"";"58";"0,0";"0";"NR.";"8";"NR."
"D4B3";"65E";"10";"0";"1";"PRODOTTO 270";"";"";"0";"";"";"58";"0,0";"0";"NR.";"16";"NR."
"D4B3";"65F";"10";"0";"1";"PRODOTTO 271";"";"";"0";"";"";"58";"0,0";"0";"NR.";"16";"NR."
"D4B3";"7000";"10";"0";"1";"PRODOTTO 272";"";"";"0";"";"";"58";"0,0";"0";"NR.";"8";"NR."
"D4B3";"7001";"10";"0";"1";"PRODOTTO 273";"";"";"0";"";"";"58";"0,0";"0";"NR.";"8";"NR."
"D4B3";"7002";"10";"0";"1";"PRODOTTO 274";"";"";"0";"";"";"58";"0,0";"0";"NR.";"8";"NR."
"D4B3";"7003";"10";"0";"1";"PRODOTTO 275";"";"";"0";"";"";"58";"0,0";"0";"NR.";"8";"NR."
"D4B3";"7004";"10";"0";"1";"PRODOTTO 276";"";"";"0";"";"";"58";"0,0";"0";"NR.";"8";"NR."
"D4B3";"7005";"10";"0";"1";"PRODOTTO 277";"";"";"0";"";"";"58";"0,0";"0";"NR.";"8";"NR."
"D4B3";"7006";"10";"0";"1";"PRODOTTO 278";"";"";"0";"";"";"58";"0,0";"0";"NR.";"8";"NR."
"D4B3";"7007";"10";"0";"1";"PRODOTTO 279";"";"";"0";"";"";"58";"0,0";"0";"NR.";"8";"NR."
"D4B3";"7008";"10";"0";"1";"PRODOTTO 280";"";"";"0";"";"";"58";"0,0";"0";"NR.";"8";"NR."
"D4B3";"7009";"10";"0";"1";"PRODOTTO 281";"";"";"0";"";"";"58";"0,0";"0";"NR.";"8";"NR."
"D4B3";"7010";"10";"0";"1";"PRODOTTO 282";"";"";"0";"";"";"58";"0,0";"0";"NR.";"8";"NR."
"D4B3";"7011";"10";"0";"1";"PRODOTTO 283";"";"";"0";"";"";"58";"0,0";"0";"NR.";"8";"NR."
"D4B3";"7016";"10";"0";"1";"PRODOTTO 284";"";"";"0";"";"";"58";"0,0";"0";"NR.";"8";"NR."
"D4B3";"7017";"10";"0";"1";"PRODOTTO 285";"";"";"0";"";"";"58";"0,0";"0";"NR.";"8";"NR."
"D4B3";"7018";"10";"0";"0";"PRODOTTO 286";"";"";"0";"";"";"";"0,0";"0";"NR.";"0";"NR."
"D4B3";"7019";"10";"0";"1";"PRODOTTO 287";"";"";"0";"";"";"58";"0,0";"0";"NR.";"20";"NR."
"D4B3";"703";"10";"0";"1";"PRODOTTO 288";"";"";"0";"";"";"58";"0,0";"0";"NR.";"4";"NR."
"D4B3";"704";"10";"0";"1";"PRODOTTO 289";"";"";"0";"";"";"58";"0,0";"0";"NR.";"4";"NR."
"D4B3";"705";"10";"0";"1";"PRODOTTO 290";"";"";"0";"";"";"58";"0,0";"0";"NR.";"4";"NR."
"D4B3";"706";"10";"0";"1";"PRODOTTO 291";"";"";"0";"";"";"58";"0,0";"0";"NR.";"4";"NR."
"D4B3";"707";"10";"0";"1";"PRODOTTO 292";"";"";"0";"";"";"58";"0,0";"0";"NR.";"4";"NR."
"D4B3";"708";"10";"0";"1";"PRODOTTO 293";"";"";"0";"";"";"58";"0,0";"0";"NR.";"4";"NR."
"D4B3";"709";"10";"0";"1";"PRODOTTO 294";"";"";"0";"";"";"58";"0,0";"0";"NR.";"4";"NR."
"D4B3";"710";"10";"0";"1";"PRODOTTO 295";"";"";"0";"";"";"58";"0,0";"0";"NR.";"4";"NR."
"D4B3";"711";"10";"0";"1";"PRODOTTO 296";"";"";"0";"";"";"58";"0,0";"0";"NR.";"4";"NR."
"D4B3";"73";"10";"0";"1";"PRODOTTO 297";"";"";"0";"";"";"58";"0,0";"0";"NR.";"12";"NR."
"D4B3";"74";"10";"0";"1";"PRODOTTO 298";"";"";"0";"";"";"58";"0,0";"0";"NR.";"8";"NR."
"D4B3";"75";"10";"0";"1";"PRODOTTO 299";"";"";"0";"";"";"58";"0,0";"0";"";"16";"NR"
"D4B3";"751";"10";"0";"1";"PRODOTTO 300";"";"";"0";"";"";"58";"0,0";"0";"NR.";"8";"NR."
"D4B3";"752";"10";"0";"1";"PRODOTTO 301";"";"";"0";"";"";"58";"0,0";"0";"NR.";"8";"NR."
"D4B3";"753";"10";"0";"1";"PRODOTTO 302";"";"";"0";"";"";"58";"0,0";"0";"NR.";"8";"NR."
"D4B3";"754";"10";"0";"1";"PRODOTTO 303";"";"";"0";"";"";"58";"0,0";"0";"NR.";"8";"NR."
"D4B3";"75A";"10";"0";"0";"PRODOTTO 304";"";"";"0";"";"";"";"0,0";"0";"NR.";"0";"NR."
"D4B3";"75B";"10";"0";"1";"PRODOTTO 305";"";"";"0";"";"";"58";"0,0";"0";"NR.";"12";"NR."
"D4B3";"75E";"10";"0";"1";"PRODOTTO 306";"";"";"0";"";"";"58";"0,0";"0";"NR.";"16";"NR."
"D4B3";"75F";"10";"0";"1";"PRODOTTO 307";"";"";"0";"";"";"58";"0,0";"0";"NR.";"6";"NR."
"D4B3";"75P";"20";"0";"1";"PRODOTTO 308";"";"";"0";"";"";"58";"0,0";"0";"NR.";"12";"NR."
"D4B3";"75U";"10";"0";"1";"PRODOTTO 309";"";"";"0";"";"";"58";"0,0";"0";"NR.";"16";"NR."
"D4B3";"76";"10";"0";"1";"PRODOTTO 310";"";"";"0";"";"";"58";"0,0";"0";"";"0";"NR"
"D4B3";"77";"10";"0";"1";"PRODOTTO 311";"";"";"0";"";"";"58";"0,0";"0";"NR.";"12";"NR"
"D4B3";"77A";"10";"0";"1";"PRODOTTO 312";"";"";"0";"";"";"58";"0,0";"0";"NR.";"8";"NR."
"D4B3";"77E";"10";"0";"1";"PRODOTTO 313";"";"";"0";"";"";"58";"0,0";"0";"NR.";"16";"NR."
"D4B3";"78";"10";"0";"1";"PRODOTTO 314";"";"";"0";"";"";"58";"0,0";"0";"";"4";"NR"
"D4B3";"79";"10";"0";"1";"PRODOTTO 315";"";"";"0";"";"";"58";"0,0";"0";"";"12";"NR"
"D4B3";"79A";"10";"0";"1";"PRODOTTO 316";"";"";"0";"";"";"58";"0,79";"0";"NR.";"8";"NR."
"D4B3";"79E";"10";"0";"1";"PRODOTTO 317";"";"";"0";"";"";"58";"0,0";"0";"NR.";"16";"NR."
"D4B3";"80";"10";"0";"0";"PRODOTTO 318";"";"";"0";"";"";"";"0,0";"0";"";"8";"NR"
"D4B3";"81A";"10";"5";"7";"PRODOTTO 319";"";"";"0";"";"CO";"RV";"2,3";"0";"NR.";"8";"NR."
"D4B3";"82";"10";"0";"0";"PRODOTTO 320";"";"";"0";"";"";"";"0,0";"0";"NR.";"8";"NR."
"D4B3";"83";"10";"0";"0";"PRODOTTO 321";"";"";"0";"";"";"";"0,0";"0";"";"4";"NR."
"D4B3";"84";"10";"0";"1";"PRODOTTO 322";"";"";"0";"";"";"58";"0,0";"0";"NR.";"8";"NR."
"D4B3";"84C";"10";"0";"1";"PRODOTTO 323";"";"";"0";"";"";"58";"0,0";"0";"NR.";"8";"NR."
"D4B3";"84E";"10";"0";"1";"PRODOTTO 324";"";"";"0";"";"";"58";"0,0";"0";"NR.";"16";"NR."
"D4B3";"85";"10";"0";"1";"PRODOTTO 325";"";"";"0";"";"";"58";"0,0";"0";"NR.";"8";"NR."
"D4B3";"85A";"10";"0";"1";"PRODOTTO 326";"";"";"0";"";"";"58";"0,0";"0";"NR.";"12";"NR."
"D4B3";"85E";"10";"0";"1";"PRODOTTO 327";"";"";"0";"";"";"58";"0,0";"0";"NR.";"16";"NR."
"D4B3";"9004";"10";"0";"1";"PRODOTTO 328";"";"";"0";"";"";"58";"0,0";"0";"NR.";"12";"NR."
"D4B3";"9005";"10";"0";"1";"PRODOTTO 329";"";"";"0";"";"";"58";"0,0";"0";"NR.";"12";"NR."
"D4B3";"9006";"10";"0";"1";"PRODOTTO 330";"";"";"0";"";"";"58";"0,07";"0";"NR.";"12";"NR."
"D4B3";"9007";"10";"0";"1";"PRODOTTO 331";"";"";"0";"";"";"58";"0,0";"0";"NR.";"12";"NR."
"D4B3";"9010";"10";"0";"1";"PRODOTTO 332";"";"";"0";"";"";"58";"0,0";"0";"NR.";"8";"NR."
"D4B3";"9011";"10";"0";"1";"PRODOTTO 333";"";"";"0";"";"";"58";"0,0";"0";"NR.";"8";"NR."
"D4B3";"9012";"10";"0";"1";"PRODOTTO 334";"";"";"0";"";"";"58";"0,0";"0";"NR.";"8";"NR."
"D4B3";"9016";"10";"0";"1";"PRODOTTO 335";"";"";"0";"";"";"58";"0,0";"0";"NR.";"12";"NR."
"D4B3";"9017";"10";"0";"1";"PRODOTTO 336";"";"";"0";"";"";"58";"0,0";"0";"NR.";"12";"NR."
"D4B3";"9018";"10";"0";"1";"PRODOTTO 337";"";"";"0";"";"";"58";"0,0";"0";"NR.";"12";"NR."
"D4B3";"96A";"4";"5";"1";"PRODOTTO 338";"";"";"0";"";"CO";"58";"0,65";"0";"NR.";"16";"NR."
"D4B3";"97A";"4";"0";"1";"PRODOTTO 339";"";"";"0";"";"";"58";"0,65";"0";"NR.";"16";"NR."
"D4B3";"98A";"4";"5";"1";"PRODOTTO 340";"";"";"0";"";"CO";"58";"0,65";"0";"NR.";"16";"NR."
"C1B1";"104B";"4";"0";"1";"PRODOTTO 341";"";"";"0";"";"";"58";"0,0";"0";"NR.";"8";"NR."
"C1B1";"105";"4";"0";"1";"PRODOTTO 342";"";"";"0";"";"";"58";"0,0";"0";"";"12";"NR"
"C1B1";"107";"4";"0";"1";"PRODOTTO 343";"";"";"0";"";"";"58";"0,0";"0";"";"12";"NR"
"C1B1";"108A";"4";"0";"1";"PRODOTTO 344";"";"";"0";"";"";"58";"0,0";"0";"NR.";"12";"NR."
"C1B1";"108B";"4";"0";"1";"PRODOTTO 345";"";"";"0";"";"";"58";"0,0";"0";"NR.";"12";"NR."
"C1B1";"108E";"4";"0";"1";"PRODOTTO 346";"";"";"0";"";"";"58";"0,0";"0";"NR.";"16";"NR."
"C1B1";"109B";"4";"0";"1";"PRODOTTO 347";"";"";"0";"";"";"58";"0,0";"0";"NR.";"8";"NR."
"C1B1";"1100";"4";"0";"1";"PRODOTTO 348";"";"";"0";"";"";"58";"0,0";"10";"NR.";"0";"NR."
"C1B1";"1101";"4";"0";"1";"PRODOTTO 349";"";"";"0";"";"";"58";"0,0";"0";"NR.";"0";"NR."
"C1B1";"135";"4";"0";"1";"PRODOTTO 350";"";"";"0";"";"";"58";"0,0";"0";"NR.";"4";"NR."
"C1B1";"136";"4";"0";"1";"PRODOTTO 351";"";"";"0";"";"";"58";"0,0";"0";"NR.";"4";"NR."
"C1B1";"153";"4";"0";"1";"PRODOTTO 352";"";"";"0";"";"";"58";"0,0";"0";"";"16";"NR."
"C1B1";"180";"4";"0";"1";"PRODOTTO 353";"";"";"0";"";"";"58";"0,0";"0";"NR.";"8";"NR."
"C1B1";"190";"4";"0";"1";"PRODOTTO 354";"";"";"0";"";"";"58";"0,0";"0";"";"8";"NR."
"C1B1";"198";"4";"0";"1";"PRODOTTO 355";"";"";"0";"";"";"58";"0,0";"0";"";"8";"NR."
"C1B1";"199";"4";"0";"1";"PRODOTTO 356";"";"";"0";"";"";"58";"0,0";"0";"NR.";"8";"NR."
"C1B1";"212";"4";"0";"1";"PRODOTTO 357";"";"";"0";"";"";"58";"0,0";"0";"NR.";"4";"NR."
"C1B1";"264";"4";"0";"1";"PRODOTTO 358";"";"";"0";"";"";"58";"0,0";"0";"NR.";"8";"NR."
"C1B1";"359";"4";"0";"1";"PRODOTTO 359";"";"";"0";"";"";"58";"0,0";"0";"NR.";"8";"NR."
"C1B1";"360";"4";"0";"1";"PRODOTTO 360";"";"";"0";"";"";"58";"0,0";"0";"NR.";"8";"NR."
"C1B1";"5014";"4";"0";"1";"PRODOTTO 361";"";"";"0";"";"";"58";"0,0";"0";"NR.";"16";"NR."
"C1B1";"515";"4";"0";"1";"PRODOTTO 362";"";"";"0";"";"";"58";"0,0";"0";"NR.";"4";"NR."
"C1B1";"520";"4";"5";"7";"PRODOTTO 363";"";"";"0";"";"CO";"RV";"1,28";"0";"";"12";"NR."
"C1B1";"542";"4";"0";"0";"PRODOTTO 364";"";"";"0";"";"";"";"0,0";"0";"NR.";"8";"NR."
"C1B1";"543";"4";"0";"0";"PRODOTTO 365";"";"";"0";"";"";"";"0,0";"0";"NR.";"8";"NR."
"C1B1";"544";"4";"0";"0";"PRODOTTO 366";"";"";"0";"";"";"";"0,0";"0";"NR.";"8";"NR."
"C1B1";"554";"4";"0";"1";"PRODOTTO 367";"";"";"0";"";"";"58";"0,0";"0";"NR.";"8";"NR."
"C1B1";"60";"4";"2";"2";"PRODOTTO 368";"";"";"0";"";"66";"58";"1,32";"0";"NR.";"12";"NR."
"C1B1";"68";"10";"2";"2";"PRODOTTO 369";"";"";"0";"";"66";"58";"0,0";"0";"NR.";"12";"NR."
"C1B1";"7012";"4";"0";"1";"PRODOTTO 370";"";"";"0";"";"";"58";"0,0";"0";"NR.";"8";"NR."
"C1B1";"7013";"4";"0";"1";"PRODOTTO 371";"";"";"0";"";"";"58";"0,0";"0";"NR.";"8";"NR."
"C1B1";"7014";"4";"0";"1";"PRODOTTO 372";"";"";"0";"";"";"58";"0,0";"0";"NR.";"8";"NR."
"C1B1";"7015";"4";"0";"1";"PRODOTTO 373";"";"";"0";"";"";"58";"0,0";"0";"NR.";"8";"NR."
"C1B1";"90";"4";"0";"1";"PRODOTTO 374";"";"";"0";"";"";"58";"0,0";"0";"NR.";"8";"NR."
"C1B1";"9001";"4";"0";"1";"PRODOTTO 375";"";"";"0";"";"";"58";"0,0";"0";"NR.";"12";"NR."
"C1A1";"9002";"4";"0";"1";"PRODOTTO 376";"";"";"0";"";"";"58";"0,0";"0";"NR.";"12";"NR."
"C1A1";"9003";"4";"0";"1";"PRODOTTO 377";"";"";"0";"";"";"58";"0,0";"0";"NR.";"12";"NR."
"C1A1";"91";"4";"0";"1";"PRODOTTO 378";"";"";"0";"";"";"58";"0,0";"0";"NR.";"8";"NR."
"C1A1";"91A";"4";"0";"1";"PRODOTTO 379";"";"";"0";"";"";"58";"0,0";"0";"NR.";"12";"NR."
"C1A1";"91E";"4";"0";"1";"PRODOTTO 380";"";"";"0";"";"";"58";"0,0";"0";"NR.";"16";"NR."
"C1A1";"92";"4";"0";"1";"PRODOTTO 381";"";"";"0";"";"";"58";"0,0";"0";"NR.";"8";"NR."
"C1A1";"92A";"4";"0";"1";"PRODOTTO 382";"";"";"0";"";"";"58";"0,0";"0";"NR.";"12";"NR."
"C1A1";"92E";"4";"0";"1";"PRODOTTO 383";"";"";"0";"";"";"58";"0,0";"0";"NR.";"16";"NR."
"C1A1";"93";"4";"0";"0";"PRODOTTO 384";"";"";"0";"";"";"";"0,0";"0";"";"0";"NR"
"C1A1";"94";"4";"0";"0";"PRODOTTO 385";"";"";"0";"";"";"";"0,0";"0";"";"0";"NR"
"C1A1";"95";"4";"0";"0";"PRODOTTO 386";"";"";"0";"";"";"";"0,0";"0";"";"0";"NR"
"C1A1";"96";"4";"0";"1";"PRODOTTO 387";"";"";"0";"";"";"58";"0,65";"0";"";"8";"NR"
"C1A1";"96B";"4";"0";"1";"PRODOTTO 388";"";"";"0";"";"";"58";"0,0";"0";"NR.";"12";"NR."
"C1A1";"97B";"4";"0";"1";"PRODOTTO 389";"";"";"0";"";"";"58";"0,0";"0";"NR.";"12";"NR."
"C1A1";"99";"4";"0";"1";"PRODOTTO 390";"";"";"0";"";"";"58";"0,69";"0";"";"8";"NR"
"C1A1";"99A";"4";"0";"1";"PRODOTTO 391";"";"";"0";"";"";"58";"0,0";"0";"NR.";"16";"NR."
"C1A1";"99B";"4";"0";"1";"PRODOTTO 392";"";"";"0";"";"";"58";"0,0";"0";"NR.";"12";"NR."
"K3";"161";"4";"0";"1";"PRODOTTO 393";"M";"";"0";"";"";"58";"0,0";"0";"NR.";"15";"NR."
"K2";"4000";"10";"2";"2";"PRODOTTO 394";"M";"";"0";"COMM";"66";"58";"0,0";"0";"KG.";"4";"KG."
"K2";"4001";"10";"2";"2";"PRODOTTO 395";"M";"";"0";"SUSS";"66";"58";"0,0";"0";"KG.";"4";"KG."
"K2";"4002";"10";"2";"2";"PRODOTTO 396";"M";"";"0";"SUSS";"66";"58";"0,0";"0";"KG.";"4";"KG."
"K2";"4004";"10";"0";"2";"PRODOTTO 397";"M";"";"0";"COMM";"";"58";"0,0";"0";"KG.";"0";"KG."
"K2";"4005";"10";"0";"2";"PRODOTTO 398";"M";"";"0";"COMM";"";"58";"0,0";"0";"NR.";"4";"NR."
"K1";"2000";"10";"2";"2";"PRODOTTO 399";"M";"";"0";"";"66";"58";"0,0";"0";"NR.";"8";"NR."
"K1";"2001";"10";"2";"2";"PRODOTTO 400";"M";"";"0";"";"66";"58";"0,0";"0";"NR.";"8";"NR."
"K1";"2002";"10";"2";"2";"PRODOTTO 401";"M";"";"0";"";"66";"58";"0,0";"0";"NR.";"8";"NR."
"K1";"2003";"10";"2";"2";"PRODOTTO 402";"M";"";"0";"";"66";"58";"0,0";"0";"NR.";"8";"NR."
"K1";"2004";"10";"2";"2";"PRODOTTO 403";"M";"";"0";"";"66";"58";"0,0";"0";"NR.";"8";"NR."
"K1";"2005";"10";"2";"2";"PRODOTTO 404";"M";"";"0";"";"66";"58";"0,0";"0";"NR.";"8";"NR."
"K1";"2006";"10";"2";"2";"PRODOTTO 405";"M";"";"0";"";"66";"58";"0,0";"0";"NR.";"8";"NR."
"K1";"2007";"10";"2";"2";"PRODOTTO 406";"M";"";"0";"";"66";"58";"0,0";"0";"NR.";"8";"NR."
"K1";"2008";"10";"2";"2";"PRODOTTO 407";"M";"";"0";"";"66";"58";"0,0";"0";"NR.";"8";"NR."
"K1";"2009";"10";"2";"2";"PRODOTTO 408";"M";"";"0";"";"66";"58";"0,0";"0";"";"8";"NR."
"K1";"2011";"10";"0";"2";"PRODOTTO 409";"M";"";"0";"";"";"58";"0,0";"0";"KG.";"4";"KG."
"D5A4";"185";"10";"0";"1";"PRODOTTO 410";"M";"";"0";"";"";"58";"0,0";"0";"NR.";"8";"NR."
"D5A3";"207";"10";"0";"1";"PRODOTTO 411";"M";"";"0";"";"";"58";"0,0";"0";"NR.";"4";"NR."
"D5A2";"163";"10";"0";"1";"PRODOTTO 412";"M";"";"0";"";"";"58";"0,0";"0";"NR";"8";"NR"
"D5A1";"189";"10";"0";"1";"PRODOTTO 413";"M";"";"0";"";"";"58";"0,0";"0";"NR.";"8";"NR."
"D5A1";"189A";"10";"0";"1";"PRODOTTO 414";"M";"S";"0";"";"";"58";"0,0";"0";"NR.";"8";"NR."
"D5A1";"406";"10";"0";"1";"PRODOTTO 415";"P";"";"0";"";"";"58";"0,0";"0";"NR.";"8";"NR."
"D5A1";"426";"10";"0";"1";"PRODOTTO 416";"P";"";"0";"";"";"58";"0,0";"0";"NR.";"1";"NR."
"D4B9";"803";"10";"0";"1";"PRODOTTO 417";"P";"";"0";"";"";"58";"0,0";"0";"NR.";"14";"NR."
"D4B8";"159";"10";"0";"1";"PRODOTTO 418";"M";"";"0";"";"";"58";"0,0";"0";"NR.";"8";"NR."
"D4B8";"9123";"10";"0";"1";"PRODOTTO 419";"P";"";"0";"";"";"58";"0,0";"0";"NR.";"8";"NR."
"D4B7";"122";"10";"0";"1";"PRODOTTO 420";"M";"";"0";"";"";"58";"0,0";"0";"NR.";"4";"NR."
"D4B7";"141";"10";"0";"1";"PRODOTTO 421";"M";"";"0";"";"";"58";"0,0";"0";"NR.";"4";"NR."
"D4B7";"167";"10";"0";"1";"PRODOTTO 422";"M";"S";"0";"";"";"58";"0,0";"0";"NR.";"8";"NR."
"D4B7";"167A";"10";"0";"0";"PRODOTTO 423";"M";"";"0";"";"";"";"0,0";"0";"NR.";"8";"NR."
"D4B7";"182";"10";"0";"1";"PRODOTTO 424";"M";"";"0";"";"";"58";"0,0";"0";"NR.";"8";"NR."
"D4B7";"409";"10";"0";"1";"PRODOTTO 425";"P";"";"0";"";"";"58";"0,0";"0";"NR.";"8";"NR."
"D4B7";"429";"10";"0";"1";"PRODOTTO 426";"P";"";"0";"";"";"58";"0,0";"0";"NR.";"1";"NR."
"D4B7";"52A";"10";"0";"1";"PRODOTTO 427";"M";"";"0";"";"";"58";"0,0";"0";"";"12";"NR."
"D4B7";"540";"10";"0";"0";"PRODOTTO 428";"M";"";"0";"";"";"";"0,0";"0";"NR.";"8";"NR."
"D4B7";"9008";"10";"0";"1";"PRODOTTO 429";"P";"";"0";"";"";"58";"0,0";"0";"NR.";"8";"NR."
"D4B7";"9121";"10";"0";"1";"PRODOTTO 430";"P";"";"0";"";"";"58";"0,0";"0";"NR.";"8";"NR."
"D4B6";"08A";"10";"0";"1";"PRODOTTO 431";"M";"";"0";"";"";"58";"0,0";"0";"NR.";"8";"NR."
"D4B6";"09";"10";"0";"1";"PRODOTTO 432";"M";"";"0";"";"";"58";"0,0";"0";"NR.";"8";"NR."
"D4B6";"143C";"10";"0";"1";"PRODOTTO 433";"M";"";"0";"";"";"58";"0,62";"0";"NR.";"8";"NR."
"D4B6";"174";"10";"0";"1";"PRODOTTO 434";"M";"S";"0";"";"";"58";"0,62";"0";"NR.";"8";"NR."
"D4B6";"193";"10";"0";"1";"PRODOTTO 435";"M";"";"0";"";"";"58";"0,0";"0";"NR.";"8";"NR."
"D4B6";"306";"10";"0";"1";"PRODOTTO 436";"M";"";"0";"";"";"58";"0,61";"0";"NR.";"8";"NR."
"D4B6";"50";"10";"0";"1";"PRODOTTO 437";"M";"";"0";"";"";"58";"0,0";"0";"NR.";"6";"NR"
"D4B6";"501";"10";"0";"1";"PRODOTTO 438";"M";"";"0";"";"";"58";"0,0";"0";"NR.";"14";"NR."
"D4B6";"54";"10";"0";"1";"PRODOTTO 439";"M";"";"0";"";"";"58";"0,0";"0";"NR.";"6";"NR."
"D4B6";"547";"10";"0";"0";"PRODOTTO 440";"M";"";"0";"";"";"";"0,0";"0";"NR.";"8";"NR."
"D4B6";"57";"10";"0";"1";"PRODOTTO 441";"M";"";"0";"";"";"58";"0,0";"0";"";"6";"NR"
"D4B6";"801";"10";"0";"1";"PRODOTTO 442";"P";"";"0";"";"";"58";"0,73";"0";"NR.";"14";"NR."
"D4B6";"9009";"10";"0";"1";"PRODOTTO 443";"P";"";"0";"";"";"58";"0,0";"0";"NR.";"8";"NR."
"D4B6";"901";"10";"0";"1";"PRODOTTO 444";"P";"";"0";"";"";"58";"0,0";"0";"NR.";"8";"NR."
"D4B6";"9019";"10";"0";"1";"PRODOTTO 445";"P";"";"0";"";"";"58";"0,0";"0";"NR.";"8";"NR."
"D4B6";"906";"10";"0";"1";"PRODOTTO 446";"P";"";"0";"";"";"58";"0,0";"0";"NR.";"8";"NR."
"D4B6";"9107";"10";"0";"1";"PRODOTTO 447";"P";"";"0";"";"";"58";"0,0";"0";"NR.";"8";"NR."
"D4B6";"9124";"0";"0";"1";"PRODOTTO 448";"P";"";"0";"";"";"58";"0,0";"0";"NR.";"8";"NR."
"D4B5";"166";"10";"0";"1";"PRODOTTO 449";"M";"S";"0";"";"";"58";"0,0";"0";"NR.";"8";"NR."
"D4B5";"205";"10";"0";"1";"PRODOTTO 450";"M";"";"0";"";"";"58";"0,0";"0";"NR.";"4";"NR."
"D4B5";"253";"10";"0";"1";"PRODOTTO 451";"M";"";"0";"";"";"58";"0,0";"0";"NR.";"14";"NR."
"D4B5";"56";"10";"0";"1";"PRODOTTO 452";"M";"";"0";"";"";"58";"0,0";"0";"NR";"6";"NR"
"D4B4";"204";"10";"0";"1";"PRODOTTO 453";"M";"";"0";"";"";"58";"0,0";"0";"NR.";"8";"NR."
"D4B4";"206";"10";"0";"1";"PRODOTTO 454";"M";"S";"0";"";"";"58";"0,0";"0";"NR.";"8";"NR."
"D4B4";"256";"10";"0";"1";"PRODOTTO 455";"M";"";"0";"";"";"58";"0,0";"0";"NR.";"14";"NR."
"D4B4";"9122";"10";"0";"1";"PRODOTTO 456";"P";"";"0";"";"";"58";"0,0";"0";"NR.";"8";"NR."
"D4B3";"9120";"10";"0";"1";"PRODOTTO 457";"P";"";"0";"";"";"58";"0,0";"0";"NR.";"8";"NR."
"D4B2";"186";"10";"0";"1";"PRODOTTO 458";"M";"S";"0";"";"";"58";"0,0";"0";"NR.";"8";"NR."
"D4B2";"257";"10";"0";"1";"PRODOTTO 459";"M";"";"0";"";"";"58";"0,0";"0";"NR.";"14";"NR."
"D4B2";"404";"10";"0";"1";"PRODOTTO 460";"P";"";"0";"";"";"58";"0,0";"0";"NR.";"8";"NR."
"D4B2";"424";"10";"0";"1";"PRODOTTO 461";"P";"";"0";"";"";"58";"0,0";"0";"NR.";"1";"NR."
"D4B1";"120";"10";"0";"1";"PRODOTTO 462";"M";"";"0";"";"";"58";"0,0";"0";"NR.";"4";"NR."
"D4B1";"148";"10";"0";"1";"PRODOTTO 463";"M";"";"0";"";"";"58";"0,0";"0";"NR.";"4";"NR."
"D4B1";"168";"10";"0";"1";"PRODOTTO 464";"M";"S";"0";"";"";"58";"0,0";"0";"NR.";"8";"NR."
"D4B1";"168A";"10";"0";"1";"PRODOTTO 465";"M";"";"0";"";"";"58";"0,0";"0";"NR.";"8";"NR."
"D4B1";"252";"10";"0";"1";"PRODOTTO 466";"M";"";"0";"";"";"58";"0,0";"0";"NR.";"14";"NR."
"D4B1";"405";"10";"0";"1";"PRODOTTO 467";"P";"";"0";"";"";"58";"0,0";"0";"NR.";"8";"NR."
"D4B1";"425";"10";"0";"1";"PRODOTTO 468";"P";"";"0";"";"";"58";"0,0";"0";"NR.";"1";"NR."
"D4B1";"53";"10";"0";"1";"PRODOTTO 469";"M";"";"0";"";"";"58";"1,0";"0";"NR";"6";"NR"
"D4B1";"9116";"10";"0";"1";"PRODOTTO 470";"P";"";"0";"";"";"58";"0,0";"0";"NR.";"8";"NR."
"D4A1";"175";"10";"0";"1";"PRODOTTO 471";"M";"S";"0";"";"";"58";"0,46";"0";"NR.";"8";"NR."
"D4A1";"302";"10";"0";"1";"PRODOTTO 472";"M";"";"0";"";"";"58";"0,47";"0";"NR.";"8";"NR."
"D4A1";"502";"10";"0";"1";"PRODOTTO 473";"M";"";"0";"";"";"58";"0,0";"0";"NR.";"14";"NR."
"D4A1";"539";"10";"0";"1";"PRODOTTO 474";"M";"";"0";"";"";"58";"0,0";"0";"NR.";"8";"NR."
"D4A1";"75C";"10";"0";"1";"PRODOTTO 475";"M";"";"0";"";"";"58";"0,46";"0";"NR.";"8";"NR."
"D4A1";"902";"10";"0";"1";"PRODOTTO 476";"P";"";"0";"";"";"58";"0,0";"0";"NR.";"8";"NR."
"D4A1";"907";"10";"0";"1";"PRODOTTO 477";"P";"";"0";"";"";"58";"0,0";"0";"NR.";"8";"NR."
"D3B5";"162";"10";"0";"1";"PRODOTTO 478";"M";"";"0";"";"";"58";"0,0";"0";"NR.";"8";"NR."
"D3B4";"804";"10";"0";"1";"PRODOTTO 479";"M";"";"0";"";"";"58";"0,0";"0";"NR.";"14";"NR."
"D3B3";"119";"10";"0";"1";"PRODOTTO 480";"M";"";"0";"";"";"58";"0,0";"0";"NR.";"4";"NR."
"D3B3";"169";"10";"0";"1";"PRODOTTO 481";"M";"S";"0";"";"";"58";"0,0";"0";"NR.";"8";"NR."
"D3B3";"169A";"10";"0";"1";"PRODOTTO 482";"M";"";"0";"";"";"58";"0,0";"0";"NR.";"8";"NR."
"D3B3";"36";"10";"0";"1";"PRODOTTO 483";"M";"";"0";"";"";"58";"1,0";"0";"";"12";"NR."
"D3B3";"402";"10";"0";"1";"PRODOTTO 484";"P";"";"0";"";"";"58";"0,0";"0";"NR.";"8";"NR."
"D3B3";"505";"10";"0";"1";"PRODOTTO 485";"M";"";"0";"";"";"58";"0,0";"0";"NR.";"14";"NR."
"D3B3";"538";"10";"0";"1";"PRODOTTO 486";"M";"";"0";"";"";"58";"0,0";"0";"NR.";"8";"NR."
"D3B3";"701";"10";"0";"1";"PRODOTTO 487";"P";"";"0";"";"";"58";"0,0";"0";"NR.";"8";"NR."
"D3B3";"805";"10";"0";"1";"PRODOTTO 488";"M";"";"0";"";"";"58";"0,0";"0";"NR.";"14";"NR."
"D3B3";"9104";"10";"0";"1";"PRODOTTO 489";"P";"";"0";"";"";"58";"0,0";"0";"NR.";"8";"NR."
"D3B2";"139E";"10";"0";"1";"PRODOTTO 490";"M";"";"0";"";"";"58";"0,81";"0";"NR.";"8";"NR."
"D3B2";"151B";"10";"0";"1";"PRODOTTO 491";"M";"";"0";"";"";"58";"0,64";"0";"NR.";"8";"NR."
"D3B2";"164";"10";"0";"1";"PRODOTTO 492";"";"";"0";"";"";"58";"0,0";"0";"NR.";"8";"NR."
"D3B2";"172";"10";"0";"1";"PRODOTTO 493";"M";"";"0";"";"";"58";"0,0";"0";"NR.";"8";"NR."
"D3B2";"178";"10";"0";"1";"PRODOTTO 494";"M";"S";"0";"";"";"58";"0,67";"0";"NR.";"8";"NR."
"D3B2";"178A";"10";"0";"1";"PRODOTTO 495";"M";"";"0";"";"";"58";"0,0";"0";"NR.";"8";"NR."
"D3B2";"267A";"10";"0";"1";"PRODOTTO 496";"M";"";"0";"";"";"58";"0,0";"0";"NR.";"8";"NR."
"D3B2";"401";"10";"0";"1";"PRODOTTO 497";"P";"";"0";"";"";"58";"0,0";"0";"NR.";"8";"NR."
"D3B2";"421";"10";"0";"1";"PRODOTTO 498";"P";"";"0";"";"";"58";"0,0";"0";"NR.";"1";"NR."
"D3B2";"48B";"10";"0";"1";"PRODOTTO 499";"M";"";"0";"";"";"58";"0,0";"0";"NR.";"12";"NR."
"D3B2";"50A";"10";"0";"1";"PRODOTTO 500";"M";"";"0";"";"";"58";"0,0";"0";"";"12";"NR."
"D3B1";"187";"10";"0";"1";"PRODOTTO 501";"M";"";"0";"";"";"58";"0,0";"0";"NR.";"8";"NR."
"D3B1";"423";"10";"0";"1";"PRODOTTO 502";"P";"";"0";"";"";"58";"0,0";"0";"NR.";"1";"NR."
"D3B1";"9105";"10";"0";"1";"PRODOTTO 503";"M";"";"0";"";"";"58";"0,0";"0";"NR.";"8";"NR."
"D3B1";"9117";"10";"0";"1";"PRODOTTO 504";"P";"";"0";"";"";"58";"0,0";"0";"NR.";"8";"NR."
"D3A1";"802";"10";"0";"1";"PRODOTTO 505";"P";"";"0";"";"";"58";"0,44";"0";"NR.";"14";"NR."
"D2A1";"132";"10";"0";"1";"PRODOTTO 506";"M";"";"0";"";"";"58";"0,0";"0";"NR.";"4";"NR."
"D2A1";"194";"10";"0";"1";"PRODOTTO 507";"M";"";"0";"";"";"58";"0,0";"0";"NR.";"8";"NR."
"D2A1";"408";"10";"0";"1";"PRODOTTO 508";"P";"";"0";"";"";"58";"0,0";"0";"NR.";"8";"NR."
"D2A1";"427";"10";"0";"1";"PRODOTTO 509";"P";"";"0";"";"";"58";"0,0";"0";"NR.";"1";"NR."
"D2A1";"428";"10";"0";"1";"PRODOTTO 510";"P";"";"0";"";"";"58";"0,0";"0";"NR.";"1";"NR."
"D2A1";"51";"10";"0";"1";"PRODOTTO 511";"M";"";"0";"";"";"58";"0,0";"0";"NR";"6";"NR"
"D2A1";"52";"10";"0";"1";"PRODOTTO 512";"M";"";"0";"";"";"58";"0,0";"0";"NR.";"6";"NR"
"D2A1";"545";"10";"0";"0";"PRODOTTO 513";"M";"";"0";"";"";"";"0,0";"0";"NR.";"8";"NR."
"D2A1";"9106";"10";"0";"1";"PRODOTTO 514";"P";"";"0";"";"";"58";"0,0";"0";"NR.";"8";"NR."
"D2A1";"9118";"10";"0";"1";"PRODOTTO 515";"P";"";"0";"";"";"58";"0,0";"0";"NR.";"8";"NR."
"D1A2";"350";"10";"0";"1";"PRODOTTO 516";"M";"";"0";"";"";"58";"0,0";"0";"NR.";"14";"NR."
"D1A2";"49";"10";"0";"1";"PRODOTTO 517";"M";"";"0";"";"";"58";"0,0";"0";"NR.";"8";"NR."
"D1A2";"909";"10";"0";"1";"PRODOTTO 518";"P";"";"0";"";"";"58";"0,0";"0";"NR.";"8";"NR."
"D1A1";"142";"10";"0";"1";"PRODOTTO 519";"M";"";"0";"";"";"58";"0,0";"0";"NR.";"4";"NR."
"D1A1";"1502";"10";"0";"1";"PRODOTTO 520";"P";"";"0";"";"";"58";"0,0";"0";"NR.";"8";"NR."
"D1A1";"173";"10";"0";"1";"PRODOTTO 521";"M";"S";"0";"";"";"58";"0,88";"0";"NR.";"8";"NR."
"D1A1";"3002";"10";"0";"1";"PRODOTTO 522";"P";"";"0";"";"";"58";"0,0";"0";"NR.";"8";"NR."
"D1A1";"30B";"10";"0";"1";"PRODOTTO 523";"M";"";"0";"";"";"58";"0,0";"0";"";"12";"NR."
"D1A1";"32A";"10";"0";"1";"PRODOTTO 524";"M";"";"0";"";"";"58";"0,96";"0";"NR.";"8";"NR."
"D1A1";"400";"4";"0";"1";"PRODOTTO 525";"P";"";"0";"";"";"58";"0,0";"0";"NR.";"8";"NR."
"D1A1";"420";"10";"0";"1";"PRODOTTO 526";"P";"";"0";"";"";"58";"0,0";"0";"NR.";"1";"NR."
"D1A1";"504";"10";"0";"1";"PRODOTTO 527";"M";"";"0";"";"";"58";"0,0";"0";"NR.";"14";"NR."
"D1A1";"537";"10";"0";"1";"PRODOTTO 528";"M";"";"0";"";"";"58";"0,0";"0";"NR.";"8";"NR."
"D1A1";"546";"10";"0";"0";"PRODOTTO 529";"M";"";"0";"";"";"";"0,0";"0";"NR.";"8";"NR."
"D1A1";"700";"10";"0";"1";"PRODOTTO 530";"P";"";"0";"";"";"58";"0,0";"0";"NR.";"5";"NR."
"D1A1";"900";"10";"0";"1";"PRODOTTO 531";"P";"";"0";"";"";"58";"0,0";"0";"NR.";"8";"NR."
"D1A1";"905";"10";"0";"1";"PRODOTTO 532";"P";"";"0";"";"";"58";"0,0";"0";"NR.";"8";"NR."
"D3A1";"700A";"10";"0";"1";"PRODOTTO 533";"P";"";"0";"";"";"58";"0,0";"0";"NR.";"10";"NR."
"K2";"CSA";"22";"0";"8";"PRODOTTO 534";"";"";"0";"";"";"58";"0,0";"0";"NR.";"0";"NR."
"K2";"1000";"10";"2";"2";"PRODOTTO 535";"";"";"0";"";"66";"58";"0,0";"0";"NR.";"10";"NR."
"K2";"1021";"10";"2";"2";"PRODOTTO 536";"";"";"0";"";"66";"58";"0,0";"0";"NR.";"10";"NR."
"K2";"1031";"10";"2";"2";"PRODOTTO 537";"";"";"0";"";"66";"58";"2,26";"0";"NR.";"10";"NR."
"K2";"1032";"10";"2";"2";"PRODOTTO 538";"";"";"0";"";"66";"58";"0,0";"0";"NR.";"10";"NR."
"K2";"1053";"10";"2";"2";"PRODOTTO 539";"";"";"0";"";"66";"58";"0,0";"0";"NR.";"10";"NR."
"K2";"1056";"10";"2";"2";"PRODOTTO 540";"";"";"0";"";"66";"58";"1,62";"0";"NR.";"10";"NR."
"K2";"1057";"10";"2";"2";"PRODOTTO 541";"";"";"0";"";"66";"58";"1,62";"0";"NR.";"10";"NR."
"K2";"1066";"10";"2";"2";"PRODOTTO 542";"";"";"0";"";"66";"58";"2,1";"0";"NR.";"10";"NR."
"K2";"1071";"10";"2";"2";"PRODOTTO 543";"";"";"0";"";"66";"58";"1,62";"0";"NR.";"10";"NR."
"K2";"1081";"10";"2";"2";"PRODOTTO 544";"";"";"0";"";"66";"58";"1,8";"0";"NR.";"10";"NR."
"K2";"1091";"10";"2";"2";"PRODOTTO 545";"";"";"0";"";"66";"58";"2,1";"0";"NR.";"10";"NR."
"K2";"1103";"10";"2";"2";"PRODOTTO 546";"";"";"0";"";"66";"58";"1,62";"0";"NR.";"10";"NR."
"K2";"12";"4";"0";"1";"PRODOTTO 547";"";"";"0";"";"";"58";"0,79";"0";"";"12";"NR"
"K2";"13";"4";"0";"1";"PRODOTTO 548";"";"";"0";"";"";"58";"0,79";"0";"";"12";"NR"
"K2";"14";"4";"2";"2";"PRODOTTO 549";"";"";"0";"";"66";"58";"0,8139";"0";"";"12";"NR"
"K2";"16";"4";"2";"2";"PRODOTTO 550";"";"";"0";"";"66";"58";"0,384";"0";"";"12";"NR"
"K2";"183";"10";"0";"2";"PRODOTTO 551";"";"";"0";"";"";"58";"0,0";"0";"NR.";"10";"NR."
"K2";"184";"10";"0";"2";"PRODOTTO 552";"";"";"0";"";"";"58";"0,0";"0";"NR.";"10";"NR."
"K2";"263";"4";"0";"1";"PRODOTTO 553";"";"";"0";"";"";"58";"0,829";"0";"NR.";"12";"NR."
"K2";"276";"10";"2";"2";"PRODOTTO 554";"";"";"0";"";"66";"58";"0,0";"0";"NR.";"8";"NR."
"K2";"290";"10";"2";"2";"PRODOTTO 555";"";"";"0";"";"66";"58";"0,0";"0";"NR.";"8";"NR."
"K2";"3005";"10";"2";"2";"PRODOTTO 556";"";"";"0";"";"66";"58";"2,28";"0";"NR.";"10";"NR."
"K2";"33";"10";"2";"2";"PRODOTTO 557";"";"";"0";"";"66";"58";"1,9";"0";"NR.";"8";"NR."
"K2";"34";"10";"2";"2";"PRODOTTO 558";"";"";"0";"";"66";"58";"1,9";"0";"NR.";"8";"NR."
"K2";"55";"4";"0";"1";"PRODOTTO 559";"";"";"0";"";"";"58";"0,6613";"0";"";"16";"NR"
"K2";"58";"4";"2";"2";"PRODOTTO 560";"";"";"2";"";"66";"58";"0,384";"0";"KG.";"12";"NR"
"K2";"66";"4";"2";"2";"PRODOTTO 561";"";"";"0";"";"66";"58";"0,0";"0";"";"16";"NR"
"K2";"67";"4";"2";"2";"PRODOTTO 562";"";"";"0";"";"66";"58";"1,14";"0";"";"12";"NR"
"K2";"69";"4";"2";"2";"PRODOTTO 563";"";"";"0";"";"66";"58";"0,65";"0";"NR.";"20";"NR."
"K2";"70";"10";"2";"2";"PRODOTTO 564";"";"";"0";"";"66";"58";"2,35";"0";"NR.";"8";"NR."
"K2";"71";"10";"5";"7";"PRODOTTO 565";"";"";"0";"";"CO";"RV";"2,3";"0";"NR.";"10";"NR."
"K2";"71A";"10";"5";"7";"PRODOTTO 566";"";"";"0";"";"CO";"RV";"2,3";"0";"NR.";"8";"NR."
"K2";"72";"10";"2";"2";"PRODOTTO 567";"";"";"0";"";"66";"58";"1,975";"0";"NR.";"8";"NR."
"K2";"81";"10";"5";"7";"PRODOTTO 568";"";"";"0";"";"CO";"RV";"4,6";"0";"";"6";"NR."
"K2";"86";"10";"2";"2";"PRODOTTO 569";"";"";"0";"";"66";"58";"0,0";"0";"";"8";"NR"
"K2";"NOCIB";"27";"0";"8";"PRODOTTO 570";"";"";"0";"";"";"58";"0,0";"0";"NR.";"0";"NR."
"C2B5";"160";"4";"0";"1";"PRODOTTO 571";"M";"S";"0";"";"";"58";"0,0";"0";"NR.";"8";"NR."
"C2B5";"160A";"4";"0";"1";"PRODOTTO 572";"M";"";"0";"";"";"58";"0,0";"0";"NR.";"8";"NR."
"C2B5";"351";"4";"0";"1";"PRODOTTO 573";"M";"";"0";"";"";"58";"0,0";"0";"NR.";"8";"NR."
"C2B5";"9100";"4";"0";"1";"PRODOTTO 574";"P";"";"0";"";"";"58";"0,0";"0";"NR.";"8";"NR."
"C2B4";"200";"4";"0";"1";"PRODOTTO 575";"M";"S";"0";"";"";"58";"0,0";"0";"NR.";"8";"NR."
"C2B4";"450";"4";"0";"1";"PRODOTTO 576";"P";"";"0";"";"";"58";"0,0";"0";"NR.";"1";"NR."
"C2B3";"106";"4";"0";"1";"PRODOTTO 577";"M";"";"0";"";"";"58";"0,0";"0";"";"12";"NR"
"C2B3";"170";"4";"0";"1";"PRODOTTO 578";"M";"S";"0";"";"";"58";"0,0";"0";"NR.";"8";"NR."
"C2B3";"170A";"4";"0";"1";"PRODOTTO 579";"M";"";"0";"";"";"58";"0,0";"0";"NR.";"8";"NR."
"C2B3";"300";"4";"0";"1";"PRODOTTO 580";"M";"";"0";"";"";"58";"0,7";"0";"NR.";"8";"NR."
"C2B3";"411";"4";"0";"1";"PRODOTTO 581";"P";"";"0";"";"";"58";"0,0";"0";"NR.";"8";"NR."
"C2B3";"451";"4";"0";"1";"PRODOTTO 582";"P";"";"0";"";"";"58";"0,0";"0";"NR.";"1";"NR."
"C2B3";"452";"4";"0";"1";"PRODOTTO 583";"P";"";"0";"";"";"58";"0,0";"0";"NR.";"1";"NR."
"C2B3";"453";"4";"0";"1";"PRODOTTO 584";"P";"";"0";"";"";"58";"0,0";"0";"NR.";"1";"NR."
"C2B3";"454";"4";"0";"1";"PRODOTTO 585";"P";"";"0";"";"";"58";"0,0";"0";"NR.";"1";"NR."
"C2B3";"9101";"4";"0";"1";"PRODOTTO 586";"P";"";"0";"";"";"58";"0,0";"0";"NR.";"8";"NR."
"C2B3";"9102";"4";"0";"1";"PRODOTTO 587";"P";"";"0";"";"";"58";"0,01";"0";"NR.";"8";"NR."
"C2B3";"97";"4";"0";"1";"PRODOTTO 588";"M";"";"0";"";"";"58";"0,69";"0";"";"8";"NR"
"C2B3";"98";"4";"0";"1";"PRODOTTO 589";"M";"";"0";"";"";"58";"0,69";"0";"";"8";"NR"
"C2B2";"134";"4";"0";"1";"PRODOTTO 590";"M";"";"0";"";"";"58";"0,01";"0";"NR.";"4";"NR."
"C2B2";"179";"4";"0";"1";"PRODOTTO 591";"M";"S";"0";"";"";"58";"0,0";"0";"NR.";"8";"NR."
"C2B2";"9103";"4";"0";"1";"PRODOTTO 592";"P";"";"0";"";"";"58";"0,0";"0";"NR.";"8";"NR."
"C2B1";"171";"4";"0";"1";"PRODOTTO 593";"M";"S";"0";"";"";"58";"0,0";"0";"NR.";"8";"NR."
"C2B1";"412";"4";"0";"1";"PRODOTTO 594";"P";"";"0";"";"";"58";"0,0";"0";"NR.";"8";"NR."
"C2A2";"06";"4";"0";"1";"PRODOTTO 595";"M";"";"0";"";"";"58";"0,0";"0";"NR.";"8";"NR."
"C2A1";"02";"4";"0";"1";"PRODOTTO 596";"M";"S";"0";"";"";"58";"0,0";"0";"NR.";"8";"NR."
"C1B1";"08";"4";"0";"1";"PRODOTTO 597";"M";"";"0";"";"";"58";"0,0";"0";"NR.";"4";"NR."
"C1B1";"108";"4";"0";"1";"PRODOTTO 598";"M";"";"0";"";"";"58";"0,09";"0";"";"8";"NR."
"C1B1";"109";"4";"0";"1";"PRODOTTO 599";"M";"S";"0";"";"";"58";"0,0";"0";"NR.";"8";"NR."
"C1B1";"133";"4";"0";"1";"PRODOTTO 600";"M";"";"0";"";"";"58";"0,0";"0";"NR.";"4";"NR."
"C1B1";"1501";"4";"0";"1";"PRODOTTO 601";"P";"";"0";"";"";"58";"0,0";"0";"NR.";"8";"NR."
"C1B1";"177";"4";"0";"1";"PRODOTTO 602";"M";"";"0";"";"";"58";"0,53";"0";"NR.";"8";"NR."
"C1B1";"301";"4";"0";"1";"PRODOTTO 603";"M";"";"0";"";"";"58";"0,54";"0";"NR.";"8";"NR."
"C1B1";"500";"4";"0";"1";"PRODOTTO 604";"M";"";"0";"";"";"58";"0,0";"0";"NR.";"12";"NR."
"C1B1";"510";"4";"0";"1";"PRODOTTO 605";"M";"";"0";"";"";"58";"0,0";"0";"NR.";"12";"NR."
"C1B1";"541";"4";"0";"0";"PRODOTTO 606";"M";"";"0";"";"";"";"0,0";"0";"NR.";"8";"NR."
"C1B1";"600";"4";"0";"1";"PRODOTTO 607";"P";"";"0";"";"";"58";"0,0";"0";"NR.";"12";"NR."
"C1B1";"702";"4";"0";"1";"PRODOTTO 608";"P";"";"0";"";"";"58";"0,0";"0";"NR.";"8";"NR."
"C1B1";"800";"4";"0";"1";"PRODOTTO 609";"P";"";"0";"";"";"58";"0,72";"0";"NR.";"12";"NR."
"C1B1";"903";"4";"0";"1";"PRODOTTO 610";"P";"";"0";"";"";"58";"0,0";"0";"NR.";"8";"NR."
"C1B1";"908";"4";"0";"1";"PRODOTTO 611";"P";"";"0";"";"";"58";"0,0";"0";"NR.";"8";"NR."
"C1A1";"01";"4";"0";"1";"PRODOTTO 612";"M";"";"0";"";"";"58";"0,0";"0";"NR.";"8";"NR."
"B1B";"9051";"4";"0";"1";"PRODOTTO 613";"P";"";"0";"";"";"58";"0,0";"0";"NR.";"8";"NR."
"B1A";"201";"10";"0";"1";"PRODOTTO 614";"M";"";"0";"";"";"58";"0,0";"0";"NR.";"8";"NR."
"B1A";"201A";"4";"0";"0";"PRODOTTO 615";"M";"";"0";"";"";"";"0,0";"0";"NR.";"12";"NR."
"B1A";"480";"4";"0";"1";"PRODOTTO 616";"P";"";"0";"";"";"58";"0,0";"0";"NR.";"1";"NR."
"B1A";"9050";"4";"0";"1";"PRODOTTO 617";"P";"";"0";"";"";"58";"0,0";"0";"NR.";"8";"NR."
"A1C";"553";"10";"0";"1";"PRODOTTO 618";"P";"";"0";"";"";"58";"0,0";"0";"NR.";"14";"NR"
"A1B";"137";"10";"0";"1";"PRODOTTO 619";"M";"";"0";"";"";"58";"0,0";"0";"NR.";"4";"NR."
"A1B";"176";"10";"0";"1";"PRODOTTO 620";"M";"S";"0";"";"";"58";"0,0";"0";"NR.";"8";"NR."
"A1B";"3000";"10";"0";"1";"PRODOTTO 621";"P";"";"0";"";"";"58";"0,0";"0";"NR.";"8";"NR."
"A1B";"3001";"10";"0";"1";"PRODOTTO 622";"P";"";"0";"";"";"58";"0,0";"0";"NR.";"4";"NR."
"A1B";"600A";"10";"0";"0";"PRODOTTO 623";"P";"";"0";"";"";"";"0,0";"0";"NR.";"14";"NR."
"A1B";"9013";"10";"0";"1";"PRODOTTO 624";"P";"";"0";"";"";"58";"0,0";"0";"NR.";"8";"NR."
"A1B";"9015";"10";"0";"1";"PRODOTTO 625";"P";"";"0";"";"";"58";"0,0";"0";"NR.";"8";"NR."
"A1B";"904";"10";"0";"1";"PRODOTTO 626";"P";"";"0";"";"";"58";"0,0";"0";"NR.";"8";"NR."
"A1A";"551";"10";"0";"1";"PRODOTTO 627";"";"";"0";"";"";"58";"0,0";"0";"NR.";"14";"NR."
"A1A";"552";"10";"0";"1";"PRODOTTO 628";"P";"";"0";"";"";"58";"0,0";"0";"NR.";"14";"NR."
"A1A";"601A";"10";"0";"0";"PRODOTTO 629";"P";"";"0";"";"";"";"0,0";"0";"NR.";"14";"NR."
"A1A";"9014";"10";"0";"1";"PRODOTTO 630";"P";"";"0";"";"";"58";"0,0";"0";"NR.";"8";"NR."
"D5A1";"602";"10";"0";"1";"PRODOTTO 631";"P";"";"0";"";"";"58";"0,0";"0";"NR.";"14";"NR."
"C2B2";"100";"4";"0";"0";"PRODOTTO 632";"";"";"0";"";"";"";"0,0";"0";"NR.";"8";"NR."
"C2B2";"101";"4";"0";"1";"PRODOTTO 633";"";"";"0";"";"";"58";"0,0";"0";"NR.";"8";"NR."
"C2B2";"102";"4";"0";"1";"PRODOTTO 634";"";"";"0";"";"";"58";"0,0";"0";"NR.";"8";"NR."
"C2B2";"103";"0";"0";"1";"PRODOTTO 635";"";"";"0";"";"";"58";"0,0";"0";"NR.";"8";"NR"
"C2B2";"104";"10";"0";"1";"PRODOTTO 636";"";"";"0";"";"";"58";"0,0";"0";"NR.";"8";"NR"
"";"4003";"10";"2";"2";"PRODOTTO 637";"";"";"0";"SUSS";"66";"58";"0,0";"0";"KG.";"5";"KG."
"C2B2";"53E";"10";"0";"1";"PRODOTTO 638";"";"";"0";"";"";"58";"0,0";"0";"NR.";"16";"NR."
"C2B2";"6000";"0";"0";"0";"PRODOTTO 639";"";"";"0";"";"";"";"0,0";"0";"NR.";"0";"NR."
"C2B2";"6001";"0";"0";"0";"PRODOTTO 640";"";"";"0";"";"";"";"0,0";"0";"NR";"0";"NR."
"C2B2";"6002";"0";"0";"0";"PRODOTTO 641";"";"";"0";"";"";"";"0,0";"0";"NR.";"0";"NR."
"C2B2";"6003";"0";"0";"0";"PRODOTTO 642";"";"";"0";"";"";"";"0,0";"0";"NR.";"0";"NR."
"C2B2";"6004";"0";"0";"0";"PRODOTTO 643";"";"";"0";"";"";"";"0,0";"0";"NR.";"0";"NR."
"C2B2";"6005";"0";"0";"0";"PRODOTTO 644";"";"";"0";"";"";"";"0,0";"0";"NR.";"0";"NR."
"C2B2";"6006";"0";"0";"0";"PRODOTTO 645";"";"";"0";"";"";"";"0,0";"0";"NR.";"0";"NR."
"C2B2";"6007";"0";"0";"0";"PRODOTTO 646";"";"";"0";"";"";"";"0,0";"0";"NR.";"0";"NR."
"K1";"712";"10";"5";"7";"PRODOTTO 647";"";"";"0";"COMM";"CO";"RV";"4,6";"0";"NR.";"4";"NR."
"";"AC";"10";"0";"0";"ACETO";"";"";"0";"PRIM";"";"";"3,38";"0";"LIT";"0";"LIT"
"";"ACQ";"0";"0";"0";"ACQUA";"";"";"0";"PRIM";"";"";"0,0";"0";"LIT";"0";"LIT"
"";"AGLIO";"4";"1";"0";"AGLIO SURGELATO";"";"";"0";"PRIM";"66";"";"5,5";"0";"KG.";"0";"KG."
"";"ALB";"20";"1";"0";"ALBUME";"";"";"0";"PRIM";"66";"";"1,1";"0";"KG.";"0";"KG."
"";"AMAR";"10";"2";"0";"AMARETTI";"";"";"0";"PRIM";"CO";"";"6,75";"0";"KG.";"0";"KG."
"";"ARLIM";"27";"1";"0";"AROMA LIMONE NATURALE";"";"";"0";"PRIM";"66";"";"0,0";"0";"KG.";"0";"KG."
"";"ARTAR";"27";"1";"0";"AROMA TARTUFO BIANCO";"";"";"0";"PRIM";"66";"";"60,0";"0";"KG.";"0";"KG."
"";"ASP";"4";"2";"0";"ASPARAGI";"";"";"0";"PRIM";"CO";"";"5,15";"0";"KG.";"0";"KG."
"";"AZOTO";"20";"6";"0";"AZOTO LIQUIDO";"";"";"0";"SUSS";"CO";"";"0,2364";"0";"KG.";"0";"KG."
"";"BAS";"10";"1";"0";"BASILICO";"";"S";"0";"PRIM";"66";"";"4,22";"0";"KG.";"0";"KG."
"";"BIET";"4";"1";"0";"BIETOLA COTTA";"";"";"0";"PRIM";"66";"";"0,0";"0";"KG";"0";"KG"
"";"BORS";"20";"0";"0";"BORSA GADGET";"";"";"0";"SUSS";"";"";"0,0";"0";"NR.";"0";"NR."
"";"BRIS";"10";"1";"0";"BRISURA DI TARTUFO";"";"S";"0";"PRIM";"66";"";"72,0";"0";"KG";"0";"KG"
"";"BUR";"4";"2";"0";"BURRO";"";"";"0";"PRIM";"CO";"";"6,55";"0";"KG.";"0";"KG."
"";"BURTA";"4";"0";"0";"BURRATA";"";"S";"0";"PRIM";"";"";"8,49";"0";"KG.";"0";"KG."
"";"CAP";"10";"1";"0";"CAPPESANTE";"";"";"0";"PRIM";"66";"";"0,0";"0";"KG.";"0";"KG."
"";"CAPP";"10";"2";"0";"CAPPONE";"";"";"0";"PRIM";"CO";"";"5,5";"0";"KG.";"0";"KG."
"";"CAPRA";"4";"0";"0";"FORMAGGIO DI CAPRA";"";"S";"0";"PRIM";"";"";"9,5";"0";"KG.";"0";"KG."
"";"CAR";"4";"2";"0";"CAROTE";"";"";"0";"PRIM";"CO";"";"1,11";"0";"KG.";"0";"KG."
"";"CARC";"10";"2";"0";"CARCIOFO";"";"";"0";"PRIM";"CO";"";"2,85";"0";"KG.";"0";"KG."
"";"CARNE";"10";"2";"0";"CARNE BOVINA";"";"";"0";"PRIM";"CO";"";"5,5";"0";"KG.";"0";"KG."
"";"CARNEC";"10";"2";"0";"CARNE CHIANINA";"";"S";"0";"PRIM";"CO";"";"8,5";"0";"KG.";"0";"KG."
"";"CARNEP";"10";"1";"0";"CARNE DI MANZO";"";"";"0";"PRIM";"66";"";"7,5";"0";"KG";"0";"KG"
"";"CART";"27";"3";"0";"CARTONI NEUTRI H17";"";"";"0";"IMB";"CO";"";"0,42";"0";"NR.";"0";"NR."
"";"CARTCAP";"20";"3";"0";"PIANO CORDONATO PASTA";"";"";"0";"IMB";"CO";"";"0,0";"0";"NR.";"0";"NR."
"";"CARTDEG";"27";"3";"0";"CARTONI DELIZIA GRANDI";"";"";"0";"IMB";"66";"";"0,5";"0";"NR.";"0";"NR."
"";"CARTDEP";"27";"3";"0";"CARTONI DELIZIA PICCOLI";"";"";"0";"IMB";"66";"";"0,52";"0";"NR.";"0";"NR."
"";"CARTES";"27";"3";"0";"CARTONI ESPOSITORE NEUTRI";"";"";"0";"IMB";"66";"";"0,45";"0";"NR.";"0";"NR."
"";"CARTEU";"27";"3";"0";"CARTONI PISTOIA";"";"";"0";"IMB";"66";"";"0,55";"0";"NR.";"0";"NR."
"";"CARTG";"27";"0";"0";"CARTONI GOURMET";"";"";"0";"IMB";"";"";"0,09";"0";"NR.";"0";"NR."
"";"CARTGD";"27";"0";"0";"CARTONE DI MARIO DA KG";"";"";"0";"IMB";"";"";"0,0";"0";"NR.";"0";"NR."
"";"CARTIS";"27";"0";"0";"CARTONI 395X295X190 IS";"";"";"0";"IMB";"";"";"0,0";"0";"";"0";"NR"
"";"CARTIS7";"27";"0";"0";"CARTONI IS H7,5";"";"";"0";"IMB";"";"";"0,36";"0";"NR.";"0";"NR."
"";"CARTISS";"27";"0";"0";"CARTONI 395X295X120 IS";"";"";"0";"IMB";"";"";"0,37";"0";"";"0";"NR"
"";"CARTIT";"27";"3";"0";"CARTONI ITA";"";"";"0";"IMB";"66";"";"0,53";"0";"NR.";"0";"NR."
"";"CARTLD";"27";"0";"0";"CARTONI CARRARA";"";"";"0";"IMB";"";"";"0,55";"0";"NR.";"0";"NR."
"";"CARTN";"27";"3";"0";"CARTONE ESPOSITORE NEUTRO";"";"";"0";"IMB";"66";"";"0,45";"0";"NR.";"0";"NR."
"";"CARTPAS";"20";"3";"0";"CART.PASTA SIENA.405X153X205";"";"";"0";"IMB";"CO";"";"0,4781";"0";"NR.";"0";"NR."
"";"CARTPP";"27";"3";"0";"CART.TERRA DI SIENA 405X305X205";"";"";"0";"IMB";"CO";"";"0,55";"0";"NR.";"0";"NR."
"";"CARTRE";"27";"0";"0";"CARTONI REGIONALE";"";"";"0";"IMB";"";"";"0,53";"0";"NR.";"0";"NR."
"";"CARTV";"20";"3";"0";"CARTONI NEUTRI H12";"";"";"0";"IMB";"CO";"";"0,37";"0";"NR.";"0";"NR."
"";"CARTVAL";"20";"3";"0";"CART.PASITIFICIO 395X295X140";"";"";"0";"IMB";"CO";"";"0,37";"0";"NR.";"0";"NR."
"";"CECI";"10";"1";"0";"CECI";"";"";"0";"PRIM";"66";"";"0,96";"0";"KG.";"0";"KG."
"";"CIP";"4";"2";"0";"CIPOLLA";"";"";"0";"PRIM";"CO";"";"1,39";"0";"KG.";"0";"KG."
"";"CIPZ";"10";"1";"0";"CIPOLLA E ZAFFERANO";"";"";"0";"PRIM";"66";"";"0,0";"0";"KG.";"0";"KG."
"";"CO2";"20";"6";"0";"CO2 ANIDRIDE CARBONICA";"";"";"0";"SUSS";"CO";"";"0,5933";"0";"KG.";"0";"KG."
"";"COP";"24";"3";"0";"CAPPUCCIO ESPOSITORE";"";"";"0";"IMB";"CO";"";"0,13";"0";"NR";"0";"NR"
"";"COPG";"27";"0";"0";"COPERCHI GOURMET";"";"";"0";"IMB";"";"";"0,07";"0";"NR.";"0";"NR."
"";"COPP";"27";"3";"0";"CAPPUCCI PICCOLI";"";"";"0";"IMB";"66";"";"0,12";"0";"NR.";"0";"NR."
"";"CREMAAS";"10";"1";"0";"CREMA ASPARAGI";"";"";"0";"PRIM";"58";"";"11,27";"0";"KG.";"0";"KG."
"";"CREMAC";"10";"1";"0";"CREMA DI CARCIOFO";"";"";"0";"PRIM";"66";"";"9,1";"0";"KG.";"0";"KG."
"";"CREMAF";"27";"1";"0";"CREMA AI FUNGHI PORCINI";"";"";"0";"PRIM";"66";"";"8,25";"0";"KG.";"0";"KG."
"";"CREMAFO";"10";"1";"0";"CREMA AI FORMAGGI";"";"";"0";"PRIM";"66";"";"6,325";"0";"KG.";"0";"KG."
"";"CREMAG";"10";"1";"0";"CREMA AI GAMBERETTI";"";"";"0";"PRIM";"66";"";"0,0";"0";"KG.";"0";"KG."
"";"CREMAGN";"10";"1";"0";"CREMA GNOCCHI TARTUFO";"";"";"0";"PRIM";"66";"";"26,0";"0";"KG.";"0";"KG."
"";"CREMAR";"27";"1";"0";"CREMA ALLA RUCOLA";"";"";"0";"PRIM";"66";"";"0,0";"0";"KG";"0";"KG"
"";"CREMARA";"10";"1";"0";"CREMA AL RADICCHIO";"";"";"0";"PRIM";"58";"";"0,0";"0";"KG.";"0";"KG."
"";"CREMAS";"27";"1";"0";"CREMA AL SALMONE";"";"";"0";"PRIM";"66";"";"0,0";"0";"KG.";"0";"KG."
"";"CREMASC";"10";"0";"1";"CREMA SCAMPI";"";"";"0";"PRIM";"";"66";"0,0";"0";"KG.";"0";"KG."
"";"CREMAT";"27";"1";"0";"CREAMA AL TARTUFO";"";"";"0";"PRIM";"66";"";"19,0";"0";"KG.";"0";"KG."
"";"CREMATB";"10";"0";"0";"CREMA TARTUFO BIANC.SENESE";"";"S";"0";"PRIM";"";"";"17,0";"0";"KG.";"0";"KG."
"";"CREMATBP";"27";"0";"0";"CREMA TARTUFO E PORCINI";"";"";"0";"PRIM";"";"";"26,0";"0";"KG.";"0";"KG."
"";"CREMATE";"10";"1";"0";"CREMATARTUFO ESTIVO";"";"";"0";"PRIM";"66";"";"11,8";"0";"NR.";"0";"NR."
"";"CUM";"10";"1";"0";"CUMINO";"";"";"0";"PRIM";"66";"";"16,32";"0";"KG.";"0";"KG."
"";"DATA";"20";"6";"0";"NASTRO DATARIO CONFEZIONATRICE";"";"";"0";"SUSS";"CO";"";"16,0";"0";"";"0";"NR."
"";"EAT";"20";"6";"0";"ETICHETTE TERRA DI SIENA FRONTE";"";"";"0";"SUSS";"CO";"";"0,026";"0";"NR.";"0";"NR."
"";"EATB";"20";"6";"0";"ETICHETTE TERRA DI SIENA RETRO";"";"";"0";"SUSS";"CO";"";"0,019";"0";"NR.";"0";"NR."
"";"EATBS";"27";"0";"0";"ET. TERRA DI SIENA R SMALT";"";"";"0";"SUSS";"";"";"0,0";"0";"";"0";"NR"
"";"EATS";"0";"0";"0";"ET.TERRA DI SIENA FRONTE SMALTIM";"";"";"0";"SUSS";"";"";"0,0";"0";"NR.";"0";"NR."
"";"ENER";"10";"4";"0";"ENERGIA";"";"";"0";"COMB";"CO";"";"0,1322";"0";"";"0";"KW"
"";"EPA";"20";"6";"0";"ETICHETTE PRODOTTO ARTIGINALE";"";"";"0";"SUSS";"CO";"";"0,024";"0";"NR.";"0";"NR."
"";"EPAS";"27";"0";"0";"ET. PRODOTTO ARTIG. SMALT.";"";"";"0";"SUSS";"";"";"0,0";"0";"";"0";"NR"
"";"EST";"24";"6";"0";"ESTENSIBILE";"";"";"0";"SUSS";"CO";"";"1,65";"0";"KG.";"0";"KG."
"";"ETART";"27";"4";"0";"ETICHETTE TERRA DI SIENA FR";"";"";"0";"SUSS";"66";"";"0,037";"0";"NR";"0";"NR"
"";"ETARTB";"27";"0";"0";"ET.TERRA DI SIENA BIANCHE";"";"";"0";"SUSS";"";"";"0,0";"0";"NR.";"0";"NR."
"";"ETARTR";"27";"4";"0";"ETICHETTE TERRA DI SIENA RETR";"";"";"0";"SUSS";"66";"";"0,02";"0";"NR";"0";"NR"
"";"ETASS";"27";"4";"0";"ET.FRONTE SAPORI&DINTORNI";"";"";"0";"SUSS";"66";"";"0,06";"0";"NR.";"0";"NR."
"";"ETASSR";"27";"4";"0";"ET.RETRO SAPORI&DINTORNI";"";"";"0";"SUSS";"66";"";"0,06";"0";"NR.";"0";"NR."
"";"ETB";"20";"6";"0";"ETIC.BIANCHE PER 120X74";"";"";"0";"SUSS";"CO";"";"0,01";"0";"NR";"0";"NR."
"";"ETBC";"27";"4";"0";"ETIC.BIANCHE 74X120";"";"";"0";"SUSS";"66";"";"0,012";"0";"NR.";"0";"NR."
"";"ETBP";"27";"4";"0";"ET.BOLLINO PREMIATI";"";"";"0";"SUSS";"66";"";"0,02";"0";"NR.";"0";"NR."
"";"ETC";"27";"4";"0";"ETICHETTE CUORE DI SIENA";"";"";"0";"SUSS";"66";"";"0,023";"0";"NR.";"0";"NR."
"";"ETCF";"27";"0";"0";"ET.TERRE DI SIENA FRONTE";"";"";"0";"SUSS";"";"";"0,02";"0";"NR.";"0";"NR."
"";"ETCR";"27";"0";"0";"ET.TERRE DI SIENA RETRO";"";"";"0";"SUSS";"";"";"0,02";"0";"NR.";"0";"NR."
"";"ETCS";"27";"0";"0";"ET. TERRE DI SIENA SMALT";"";"";"0";"SUSS";"";"";"0,0";"0";"";"0";"NR"
"";"ETCTI";"27";"4";"0";"ETIC.CAPPELLETTI T.SENESI";"";"";"0";"SUSS";"66";"";"0,03";"0";"NR.";"0";"NR."
"";"ETDF";"27";"4";"0";"ETICH.DELIZIA FRONTE";"";"";"0";"SUSS";"66";"";"0,02";"0";"NR.";"0";"NR."
"";"ETDGF";"27";"4";"0";"ETICHETTE DI MARIO FRONTE";"";"";"0";"SUSS";"66";"";"0,05";"0";"NR.";"0";"NR."
"";"ETDGR";"27";"4";"0";"ETICHETTE DI MARIO RETRO";"";"";"0";"SUSS";"66";"";"0,05";"0";"NR.";"0";"NR."
"";"ETDL";"20";"6";"0";"ETICHETTE DELIZIE";"";"";"0";"SUSS";"CO";"";"0,021";"0";"NR.";"0";"NR."
"";"ETDR";"27";"4";"0";"ETICH.DELIZIE RETRO";"";"";"0";"SUSS";"66";"";"0,02";"0";"NR.";"0";"NR."
"";"ETF";"20";"6";"0";"ETICH.FILIERA GROSSETO FRONTE";"";"";"0";"SUSS";"CO";"";"0,033";"0";"NR.";"0";"NR."
"";"ETFIN";"27";"6";"0";"ETICHETTE NORVEGIA";"";"";"0";"SUSS";"CO";"";"0,0";"0";"";"0";"NR"
"";"ETFR";"27";"4";"0";"ETIC.FILIERA GROSSETO RETRO";"";"";"0";"SUSS";"66";"";"0,022";"0";"NR.";"0";"NR."
"";"ETFRS";"27";"0";"0";"ET.FILIERA GROSSETO SMALT";"";"";"0";"SUSS";"";"";"0,0";"0";"";"0";"NR"
"";"ETFS";"0";"0";"0";"ET.FILIERA GROSSETO FRONTE SMALTIMENTO";"";"";"0";"SUSS";"";"";"0,0";"0";"NR.";"0";"NR."
"";"ETG";"27";"4";"0";"ETICHETTE GOURMET FRONTE";"";"";"0";"SUSS";"66";"";"0,03";"0";"NR.";"0";"NR."
"";"ETGAF";"27";"4";"0";"ETIC.GRANI SENATORE FRONTE";"";"";"0";"SUSS";"66";"";"0,05";"0";"NR.";"0";"NR."
"";"ETGAR";"27";"4";"0";"ETIC.GRANO SENATORE RETRO";"";"";"0";"SUSS";"66";"";"0,05";"0";"NR.";"0";"NR."
"";"ETGD";"20";"6";"0";"ETICHETTE SIENA";"";"";"0";"SUSS";"CO";"";"0,021";"0";"NR.";"0";"NR."
"";"ETGDLF";"27";"4";"0";"ET.SIENA FRONTE";"";"";"0";"SUSS";"66";"";"0,03";"0";"NR.";"0";"NR."
"";"ETGDLR";"27";"4";"0";"ET.SIENA RETRO";"";"";"0";"SUSS";"66";"";"0,02";"0";"NR.";"0";"NR."
"";"ETGNIT";"27";"4";"0";"ETICHETTE GNUDI FRONT";"";"";"0";"SUSS";"66";"";"0,02";"0";"NR.";"0";"NR."
"";"ETGNITR";"27";"4";"0";"ETIC.GNUDI RETRO";"";"";"0";"SUSS";"66";"";"0,02";"0";"NR.";"0";"NR."
"";"ETGR";"27";"4";"0";"ETICHETTE GRANI SENATORE";"";"";"0";"SUSS";"66";"";"0,0";"0";"NR.";"0";"NR."
"";"ETGU";"27";"4";"0";"ETICHETTE GOURMET RETRO";"";"";"0";"SUSS";"66";"";"0,03";"0";"NR.";"0";"NR."
"";"ETH";"27";"6";"0";"ETICHETTE HO.RE.CA";"";"";"0";"SUSS";"CO";"";"0,04";"0";"";"0";"NR"
"";"ETI";"27";"4";"0";"ETICHETTE IN FRONTE";"";"";"0";"SUSS";"66";"";"0,041";"0";"NR.";"0";"NR."
"";"ETIPF";"27";"4";"0";"ET.PAPPARDELLE FRONTE IS";"";"";"0";"SUSS";"66";"";"0,05";"0";"NR.";"0";"NR."
"";"ETIPR";"27";"4";"0";"ET.PAPPARDELLE RETRO IS";"";"";"0";"SUSS";"66";"";"0,05";"0";"NR.";"0";"NR."
"";"ETIR";"27";"4";"0";"ETICHETTE IN RETRO";"";"";"0";"SUSS";"66";"";"0,0";"0";"NR.";"0";"NR."
"";"ETISF";"27";"4";"0";"ET.SPAGHETTI FRONTE IS";"";"";"0";"SUSS";"66";"";"0,08";"0";"NR.";"0";"NR."
"";"ETISR";"27";"4";"0";"ET.SPAGHETTI RETRO IS";"";"";"0";"SUSS";"66";"";"0,08";"0";"NR.";"0";"NR."
"";"ETITAF";"27";"4";"0";"ET.IS TAGL.TARTUFO FRONTE";"";"";"0";"SUSS";"66";"";"0,05";"0";"NR.";"0";"NR."
"";"ETITAR";"27";"4";"0";"ETICH.IS TAGL.TARTUFO RETR";"";"";"0";"SUSS";"66";"";"0,05";"0";"NR.";"0";"NR."
"";"ETITF";"27";"4";"0";"ET.TAGLIATELLE FRONTE IS";"";"";"0";"SUSS";"66";"";"0,05";"0";"NR.";"0";"NR."
"";"ETITR";"27";"4";"0";"ET.TAGLIATELLE RETRO IS";"";"";"0";"SUSS";"66";"";"0,05";"0";"NR.";"0";"NR."
"";"ETMU";"27";"4";"0";"ETICHETTE ZIA LISA F";"";"";"0";"SUSS";"66";"";"0,03";"0";"NR.";"0";"NR."
"";"ETMUR";"27";"4";"0";"ETICHETTE ZIA LISA RETRO";"";"";"0";"SUSS";"66";"";"0,01";"0";"NR.";"0";"NR."
"";"ETP";"27";"0";"0";"ETICHETTE PASTIFICIO SIENA";"";"";"0";"SUSS";"";"";"0,05";"0";"NR.";"0";"NR."
"";"ETPE";"20";"6";"0";"ETICHETTE PASTA LIVORNO";"";"";"0";"SUSS";"CO";"";"0,033";"0";"NR.";"0";"NR."
"";"ETPP";"27";"0";"0";"ETICHETTE PICI E PAPPARDELLE";"";"";"0";"SUSS";"";"";"0,015";"0";"NR.";"0";"NR."
"";"ETPR";"27";"4";"0";"ETICHETTE SICURA FRONTE";"";"";"0";"SUSS";"66";"";"0,04";"0";"NR.";"0";"NR."
"";"ETPRR";"27";"4";"0";"ETICHETTE SICURA RETRO";"";"";"0";"SUSS";"66";"";"0,04";"0";"NR.";"0";"NR."
"";"ETPRRS";"27";"0";"0";"ET.SICURA RETRO SMALTIMENTO";"";"";"0";"SUSS";"";"";"0,0";"0";"NR.";"0";"NR."
"";"ETPRS";"27";"0";"0";"ET.SICURA FRONTE SMALTIMENTO";"";"";"0";"SUSS";"";"";"0,0";"0";"NR.";"0";"NR."
"";"ETPS";"27";"0";"0";"ET. PASITIFICIO SENESE SMALT";"";"";"0";"SUSS";"";"";"0,0";"0";"";"0";"NR"
"";"ETPT";"27";"4";"0";"ETICHETTE PROD. PISA";"";"";"0";"SUSS";"66";"";"0,0";"0";"";"0";"NR"
"";"ETPTI";"27";"4";"0";"ETIC.PICI TERRE DI PISA";"";"";"0";"SUSS";"66";"";"0,02";"0";"NR";"0";"NR."
"";"ETPTR";"27";"4";"0";"ETICHETTE R/PROD. PISA";"";"";"0";"SUSS";"66";"";"0,0";"0";"";"0";"NR"
"";"ETPTRS";"27";"0";"0";"ET. PRODOTTO PISA SMALT";"";"";"0";"SUSS";"";"";"0,0";"0";"";"0";"NR"
"";"ETREG";"27";"4";"0";"ETIC.REGIONE PISANA";"";"";"0";"SUSS";"66";"";"0,03";"0";"NR.";"0";"NR."
"";"ETREGR";"27";"4";"0";"ETIC.REGIONE PISANA";"";"";"0";"SUSS";"66";"";"0,02";"0";"NR.";"0";"NR."
"";"ETSMAS";"27";"0";"0";"ET.MASSA SMALTIMENTO";"";"";"0";"SUSS";"";"";"0,0";"0";"";"0";"NR"
"";"ETT";"21";"6";"0";"ETICHETTE TAKE AWAY";"";"";"0";"SUSS";"CO";"";"0,0";"0";"NR";"0";"NR."
"";"ETTVF";"27";"0";"0";"ET.FIRENZE FRONTE";"";"";"0";"SUSS";"";"";"0,06";"0";"NR.";"0";"NR."
"";"ETTVR";"27";"0";"0";"ET.FIRENZE RETRO";"";"";"0";"SUSS";"";"";"0,06";"0";"NR.";"0";"NR."
"";"ETTVR1";"27";"0";"0";"ETICHETTE FIRENZE RETRO 1000g";"";"";"0";"SUSS";"";"";"0,0";"0";"NR.";"0";"NR."
"";"ETUSA";"27";"6";"0";"ETICHETTE MESSICO";"";"";"0";"SUSS";"CO";"";"0,0";"0";"";"0";"NR"
"";"ETV";"20";"6";"0";"ETICHETTE FIRENZE BOLLONE";"";"";"0";"SUSS";"CO";"";"0,021";"0";"NR.";"0";"NR."
"";"ETVEN";"20";"6";"0";"ETICHETTE PRATO";"";"";"0";"SUSS";"CO";"";"0,041";"0";"NR.";"0";"NR."
"";"ETVR";"20";"6";"0";"ETICHETTE RETRO FIRENZE";"";"";"0";"SUSS";"CO";"";"0,01";"0";"NR.";"0";"NR."
"";"ETVRS";"27";"0";"0";"ET. FIRENZE RETRO SMALT";"";"";"0";"SUSS";"";"";"0,0";"0";"";"0";"NR"
"";"ETVS";"0";"0";"0";"ET.FIRENZE FRONTE SMALTIMENT";"";"";"0";"SUSS";"";"";"0,0";"0";"NR.";"0";"NR."
"";"EVR";"27";"4";"0";"ETICHETTE PRATO RETRO";"";"";"0";"SUSS";"66";"";"0,025";"0";"NR.";"0";"NR."
"";"FAR";"4";"2";"0";"FARINA";"";"";"0";"PRIM";"CO";"";"0,338";"0";"KG.";"0";"KG."
"";"FARC";"4";"0";"0";"FARINA DI CASTAGNE";"";"";"0";"PRIM";"";"";"0,0";"0";"KG";"0";"KG"
"";"FARCE";"4";"1";"0";"FARINA DI CECI";"";"";"0";"PRIM";"66";"";"1,68";"0";"KG.";"0";"KG."
"";"FARL";"4";"1";"0";"FARINA DI LENTICCHIE";"";"";"0";"PRIM";"66";"";"1,74";"0";"KG.";"0";"KG."
"";"FARP";"4";"1";"0";"FARINA DI PISELLI";"";"";"0";"PRIM";"66";"";"1,9";"0";"KG.";"0";"KG."
"";"FARS";"4";"1";"0";"FARINA SENATORE CAPPELLI";"";"";"0";"PRIM";"58";"";"0,0";"0";"KG.";"0";"KG."
"";"FARTS";"4";"2";"0";"FARINA TOSCANA";"";"S";"0";"PRIM";"CO";"";"0,6";"0";"";"0";"KG"
"";"FARV";"4";"1";"0";"FARINA VERNA";"";"S";"0";"PRIM";"58";"";"0,9";"0";"KG.";"0";"KG."
"";"FGGN";"27";"4";"0";"FASCETTA GNUDI G/NOCI IS";"";"";"0";"SUSS";"66";"";"0,0";"0";"NR.";"0";"NR."
"";"FGNO";"27";"4";"0";"FASCHETTA GNOCCHI DI PATATE";"";"";"0";"SUSS";"66";"";"0,0";"0";"NR.";"0";"NR."
"";"FGNOT";"27";"4";"0";"FASCETTA GNOCCHI TARTUFO";"";"";"0";"SUSS";"66";"";"0,07";"0";"NR";"0";"NR"
"";"FGRS";"27";"4";"0";"FASCETTA GNUDI R/SPIN.IS";"";"";"0";"SUSS";"66";"";"0,0";"0";"NR.";"0";"NR."
"";"FGRSN";"27";"4";"0";"FASCETTA GNUDI PECORINO";"";"";"0";"SUSS";"66";"";"0,0";"0";"NR.";"0";"NR."
"";"FGT";"27";"0";"0";"FASCETTE GNUDI TARTUFO";"";"";"0";"SUSS";"";"";"0,0";"0";"NR.";"0";"NR."
"";"FGTN";"27";"4";"0";"FASCETTA GNUDI TARTUFO NEW";"";"";"0";"SUSS";"66";"";"0,0";"0";"NR.";"0";"NR."
"";"FIBRE";"27";"0";"0";"FIBRE VEGETALI QUASAR S2";"";"";"0";"PRIM";"";"";"6,5";"0";"KG.";"0";"KG."
"";"FILM700";"27";"0";"0";"FILM VASCHETTA IS";"";"";"0";"IMB";"";"";"3,54";"0";"KG";"0";"KG"
"";"FILMA";"27";"3";"0";"FILM SOTTO AVANA";"";"";"0";"IMB";"66";"";"0,0";"0";"KG";"0";"KG"
"";"FILMEU";"27";"3";"0";"FILM PICI PISTOIA";"";"";"0";"IMB";"66";"";"8,09";"0";"KG.";"0";"KG."
"";"FILMIT";"27";"3";"0";"FILM PICI DI SIENA";"";"";"0";"IMB";"66";"";"0,0";"0";"KG.";"0";"KG."
"";"FILMN";"20";"3";"0";"FILM SOTTO NERO VASCHETTA";"";"";"0";"IMB";"CO";"";"2,81";"0";"KG.";"0";"KG."
"";"FILMNN";"20";"3";"0";"FILM SOTTO NEUTRO 500my";"";"";"0";"IMB";"CO";"";"3,54";"0";"";"0";"KG."
"";"FILMNNR";"27";"3";"0";"FILM SOTTO VASCH.RICICLABILE";"";"";"0";"IMB";"66";"";"5,0";"0";"KG.";"0";"KG."
"";"FILMPE";"20";"3";"0";"FILM PICI TERRE DI SIENA";"";"";"0";"IMB";"CO";"";"0,01";"0";"KG";"0";"KG."
"";"FILMS";"20";"3";"0";"FILM NEUTRO PER VERTICALE";"";"";"0";"IMB";"CO";"";"6,34";"0";"KG.";"0";"KG."
"";"FILMSA";"27";"3";"0";"FILM SACCHETTO NUOVO VERTICALE";"";"";"0";"IMB";"66";"";"7,06";"0";"KG.";"0";"KG."
"";"FILMSN";"20";"3";"0";"FILM SOPRA NEUTRO VASCHETTA";"";"";"0";"IMB";"CO";"";"5,64";"0";"KG.";"0";"KG."
"";"FILMSNR";"27";"1";"0";"FILM SOPRA NEUTRO RICICLABILE";"";"";"0";"IMB";"58";"";"5,78";"0";"KG.";"0";"KG."
"";"FILSAR";"27";"3";"0";"FILM SACCHETTO RICICLABILE";"";"";"0";"IMB";"66";"";"6,66";"0";"KG.";"0";"KG."
"";"FIN";"4";"1";"0";"FUNGHI FINFERLI";"";"";"0";"PRIM";"66";"";"9,5";"0";"KG.";"0";"KG."
"";"FIOC";"10";"2";"0";"FIOCCO DI PATATE";"";"";"0";"PRIM";"CO";"";"1,63";"0";"KG.";"0";"KG."
"";"FM";"27";"4";"0";"FASCETTA GROSSETO IS";"";"";"0";"SUSS";"66";"";"0,0";"0";"NR.";"0";"NR."
"";"FMC";"27";"4";"0";"FASCETTA MEZZ.2 IS";"";"";"0";"SUSS";"66";"";"0,0";"0";"NR.";"0";"NR."
"";"FMS";"27";"0";"0";"FASCETTE MEZZELUNE 1";"";"";"0";"SUSS";"";"";"0,0";"0";"NR.";"0";"NR."
"";"FORGM";"4";"1";"0";"FORMAGGIO GRAN MUGELLO";"";"";"0";"PRIM";"66";"";"9,5";"0";"KG.";"0";"KG."
"";"FOSSA";"4";"2";"0";"FORMAGGIO DI FOSSA";"";"";"0";"PRIM";"CO";"";"24,99";"0";"";"0";"KG."
"";"FRASP";"27";"0";"0";"FASCETTA RAVIOLI 10";"";"";"0";"SUSS";"";"";"0,49";"0";"NR.";"0";"NR."
"";"FRB";"27";"0";"0";"FASCETTE RAVIOLI 11";"";"";"0";"SUSS";"";"";"0,07";"0";"NR.";"0";"NR."
"";"FRBV";"27";"0";"0";"FASCETTA RAVIOLI 12";"";"";"0";"SUSS";"";"";"0,0";"0";"NR.";"0";"NR."
"";"FRF";"27";"4";"0";"FASCETTA RAV.ONI 1";"";"";"0";"SUSS";"66";"";"0,0";"0";"NR.";"0";"NR."
"";"FRFG";"27";"4";"0";"FASCETTA RAV.ONI 2 GRANDE";"";"";"0";"SUSS";"66";"";"0,07";"0";"NR.";"0";"NR."
"";"FRFI";"27";"4";"0";"FASCETTA RAVIOLI 1";"";"";"0";"SUSS";"66";"";"0,07";"0";"NR.";"0";"NR."
"";"FRG";"27";"0";"0";"FASCETTA RAVIOLI 2";"";"";"0";"SUSS";"";"";"0,07";"0";"NR.";"0";"NR."
"";"FRO";"27";"0";"0";"FASCETTE RAVIOLONI 3";"";"";"0";"SUSS";"";"";"0,0";"0";"NR.";"0";"NR."
"";"FRP";"27";"0";"0";"FASCETTA RAVIOLI 4";"";"";"0";"SUSS";"";"";"0,06";"0";"NR.";"0";"NR."
"";"FRPA";"27";"4";"0";"FASCETTA RAV.5";"";"";"0";"SUSS";"66";"";"0,0";"0";"NR.";"0";"NR."
"";"FRPT";"27";"0";"0";"FASC.RAV.6";"";"";"0";"SUSS";"";"";"0,07";"0";"NR.";"0";"NR."
"";"FRRS";"27";"4";"0";"FASCETTA RAV. 7";"";"";"0";"SUSS";"66";"";"0,0";"0";"NR.";"0";"NR."
"";"FRRSG";"27";"4";"0";"FASCETTA RVAIOLI 8";"";"";"0";"SUSS";"66";"";"0,07";"0";"NR.";"0";"NR."
"";"FRT";"27";"4";"0";"FASCETTA RAVIOLI 9";"";"";"0";"SUSS";"66";"";"0,07";"0";"NR.";"0";"NR."
"";"FTF";"27";"4";"0";"FASCETTA TORT.ONI 1";"";"";"0";"SUSS";"66";"";"0,0";"0";"NR.";"0";"NR."
"";"FTO";"27";"4";"0";"FASCETTA TORTELL.2";"";"";"0";"SUSS";"66";"";"0,0";"0";"NR.";"0";"NR."
"";"FTS";"27";"4";"0";"FASCETTA TORT.ONI 3";"";"";"0";"SUSS";"66";"";"0,0";"0";"NR.";"0";"NR."
"";"FUNGHI";"4";"2";"0";"FUNGHI SURGELATI";"";"S";"0";"PRIM";"CO";"";"7,5";"0";"";"0";"KG."
"";"FUNGHIS";"27";"1";"0";"FUNGHI SECCHI";"";"S";"0";"PRIM";"66";"";"47,0";"0";"KG.";"0";"KG."
"";"GAMB";"10";"2";"0";"GAMBERI SURGELATI";"";"";"0";"PRIM";"CO";"";"7,18";"0";"";"0";"KG."
"";"GAMBSA";"10";"1";"0";"GAMBERETTI IN SALAMOIA";"";"";"0";"PRIM";"66";"";"0,0";"0";"KG.";"0";"KG."
"";"GORG";"4";"1";"0";"GORGONZOLA";"";"";"0";"PRIM";"66";"";"7,64";"0";"KG.";"0";"KG."
"";"GORGP";"4";"1";"0";"GORGONZOLA PICCANTE";"";"S";"0";"PRIM";"66";"";"6,9";"0";"KG.";"1";"KG."
"";"GRANA";"4";"1";"0";"GRANA PADANO";"";"S";"0";"PRIM";"66";"";"10,98";"0";"KG.";"0";"KG."
"";"LIM";"10";"1";"0";"LIMONE";"";"";"0";"PRIM";"66";"";"1,87";"0";"KG.";"0";"KG."
"";"LIMS";"10";"0";"0";"LIMONE SORENTO IGP";"";"S";"0";"PRIM";"";"";"0,0";"0";"NR.";"0";"NR."
"";"MENTA";"32";"1";"0";"MENTA";"";"";"0";"PRIM";"66";"";"22,0";"0";"KG.";"0";"KG."
"";"MER";"10";"1";"0";"MERLUZZO";"";"";"0";"PRIM";"66";"";"6,38";"0";"KG";"0";"KG"
"";"MET";"10";"4";"0";"METANO";"";"";"0";"COMB";"CO";"";"0,3973";"0";"";"0";"MC"
"";"MIELE";"10";"0";"0";"MIELE";"";"S";"0";"PRIM";"";"";"15,96";"0";"KG.";"0";"KG."
"";"MORT";"10";"2";"0";"MORTADELLA";"";"";"0";"PRIM";"CO";"";"5,62";"0";"KG.";"0";"KG."
"";"MORTG";"10";"1";"0";"MORTADELLA IGP";"";"S";"0";"PRIM";"66";"";"3,9";"0";"KG.";"0";"KG."
"";"MOST";"10";"2";"0";"MOSTARDA";"";"";"0";"PRIM";"CO";"";"11,3";"0";"KG.";"0";"KG."
"";"MOZB";"4";"2";"0";"MOZZARELLA DI BUFALA";"";"";"0";"PRIM";"CO";"";"12,5";"0";"KG.";"0";"KG."
"";"MOZZ";"4";"2";"0";"MOZZARELLA";"";"";"0";"PRIM";"CO";"";"5,97";"0";"KG.";"0";"KG."
"";"NASTRO";"20";"6";"0";"NASTRO ADESIVO PER CARTONI";"";"";"0";"SUSS";"CO";"";"1,1571";"0";"NR.";"0";"NR."
"";"NOCE";"10";"2";"0";"NOCE MOSCATA";"";"";"0";"PRIM";"CO";"";"23,67";"0";"KG.";"0";"KG."
"";"NOCI";"10";"2";"0";"NOCI SGUSCIATE";"";"";"0";"PRIM";"CO";"";"6,5";"0";"KG.";"0";"KG."
"";"NOCIS";"27";"0";"0";"NOCI SBRICIOLATE G.50";"";"";"0";"COMM";"";"";"0,0";"0";"NR.";"0";"NR."
"";"OLIO";"4";"2";"0";"OLIO DI OLIVA";"";"";"0";"PRIM";"CO";"";"4,2";"0";"LIT";"0";"LIT"
"";"OLIOE";"10";"0";"0";"OLIO EXTRAVERGINE DI OLIVA";"";"S";"0";"PRIM";"";"";"6,1";"0";"KG.";"0";"KG."
"";"OLIOS";"4";"2";"0";"OLIO DI SANSA";"";"";"0";"PRIM";"CO";"";"3,0";"0";"KG.";"0";"LIT"
"";"ORT";"20";"2";"0";"ORTICA";"";"";"0";"PRIM";"CO";"";"7,09";"0";"KG";"0";"KG."
"";"PANC";"10";"1";"0";"PANCETTA";"";"";"0";"PRIM";"66";"";"0,0";"0";"KG.";"0";"KG."
"";"PANE";"4";"2";"0";"PANE GRATTUGIATO";"";"";"0";"PRIM";"CO";"";"1,1";"0";"KG.";"0";"KG."
"";"PARM";"10";"1";"0";"PARMIGIANO REGGIANO";"";"S";"0";"PRIM";"66";"";"10,4";"0";"";"0";"KG"
"";"PARMA";"10";"0";"0";"PROSCIUTTO PARMA";"";"";"0";"PRIM";"";"";"0,0";"0";"KG.";"0";"KG."
"";"PATC";"4";"2";"0";"PATATE COTTE LAZIO";"";"S";"0";"PRIM";"CO";"";"1,8";"0";"KG.";"0";"KG."
"";"PATCG";"4";"1";"0";"PATATE COTTE PER GNOCCHI";"";"";"0";"PRIM";"66";"";"0,0";"0";"KG.";"0";"KG."
"";"PEC";"4";"2";"0";"PECORINO TOSCANO DOP";"";"S";"0";"PRIM";"CO";"";"12,0";"0";"KG.";"0";"KG."
"";"PEPP";"10";"2";"0";"PEPERONCINO IN POLVERE";"";"";"0";"PRIM";"CO";"";"7,72";"0";"KG.";"0";"KG."
"";"PERA";"27";"1";"0";"PERA STABILIZZATA";"";"S";"0";"PRIM";"66";"";"17,59";"0";"KG.";"0";"KG."
"";"PIAF";"20";"6";"7";"PIATTI FONDI";"";"";"0";"SUSS";"CO";"CO";"1,4213";"0";"NR.";"0";"NR."
"";"PIAP";"20";"6";"7";"PIATTI PIANI";"";"";"0";"SUSS";"CO";"CO";"1,4214";"0";"NR.";"0";"NR."
"";"POLLO";"10";"2";"0";"PETTI DI POLLO";"";"";"0";"PRIM";"CO";"";"3,0";"0";"KG.";"0";"KG."
"";"POM";"20";"2";"0";"POMODORO IN POLVERE";"";"";"0";"PRIM";"CO";"";"6,12";"0";"KG.";"0";"KG."
"";"POMS";"10";"2";"0";"POMODORI SECCHI";"";"S";"0";"PRIM";"CO";"";"3,2";"0";"KG.";"0";"KG."
"";"PRCIN";"10";"1";"0";"PREPARATO CINGHIALE";"";"";"0";"PRIM";"66";"";"0,0";"0";"KG.";"0";"KG."
"";"PREZZ";"4";"2";"0";"PREZZEMOLO";"";"";"0";"PRIM";"CO";"";"2,47";"0";"KG.";"0";"KG."
"";"PRLEP";"10";"1";"0";"PREPARATO LEPRE";"";"";"0";"PRIM";"66";"";"0,0";"0";"KG.";"0";"KG."
"";"PROS";"10";"0";"0";"PROSCIUTTO";"";"";"0";"PRIM";"";"";"2,84";"0";"KG.";"0";"KG."
"";"PROSD";"10";"2";"0";"PROSCIUTTO TOSCANO DOP";"";"S";"0";"PRIM";"CO";"";"8,5";"0";"KG.";"0";"KG."
"";"PURP";"10";"1";"0";"PUREA DI PATATE";"";"";"0";"PRIM";"58";"";"1,6";"0";"KG";"0";"KG"
"";"RAV";"4";"1";"0";"RAVIGGIOLO";"";"";"0";"PRIM";"66";"";"0,0";"0";"";"0";"KG"
"";"RIC";"4";"1";"0";"RICOTTA";"";"";"0";"PRIM";"66";"";"1,35";"0";"KG.";"0";"KG."
"";"RICB";"4";"1";"0";"RICOTTA DI BUFALA";"";"";"0";"PRIM";"66";"";"2,8";"0";"KG.";"0";"KG."
"";"RICP";"4";"0";"0";"RICOTTA PECORA";"";"S";"0";"PRIM";"";"";"1,95";"0";"KG.";"0";"KG."
"";"RICPA";"4";"1";"0";"RICOTTA DI MUCCA";"";"";"0";"PRIM";"58";"";"2,0";"0";"KG.";"0";"KG."
"";"RISO";"10";"2";"0";"FARINA DI RISO";"";"";"0";"PRIM";"CO";"";"1,88";"0";"KG";"0";"KG."
"";"RISOF";"10";"2";"0";"FARINA DI RISO PER SFARINARE";"";"";"0";"PRIM";"CO";"";"1,09";"0";"KG.";"0";"KG."
"";"ROS";"20";"1";"0";"ROSMARINO";"";"";"0";"PRIM";"66";"";"2,65";"0";"KG.";"0";"KG."
"";"RUC";"10";"2";"0";"RUCOLA";"";"";"0";"PRIM";"CO";"";"4,2";"0";"KG.";"0";"KG."
"";"SAL";"10";"2";"0";"SALSICCIA";"";"S";"0";"PRIM";"CO";"";"5,5";"0";"KG.";"0";"KG."
"";"SALE";"20";"2";"0";"SALE";"";"";"0";"PRIM";"CO";"";"0,21";"0";"KG.";"0";"KG."
"";"SALED";"0";"0";"0";"SALE PER DEPURATORE";"";"";"0";"MPD";"";"";"0,0";"0";"";"0";"KG"
"";"SALEV";"27";"0";"0";"SALE DI VOLTERRA";"";"S";"0";"PRIM";"";"";"0,18";"0";"KG.";"0";"KG."
"";"SALM";"10";"2";"0";"SALMONE";"";"";"0";"PRIM";"CO";"";"14,4";"0";"KG.";"0";"KG."
"";"SCAMPI";"10";"1";"0";"SCAMPI";"";"";"0";"PRIM";"66";"";"22,4";"0";"KG.";"0";"KG."
"";"SCLIM";"27";"1";"0";"SCORZE DI LIMONE";"";"";"0";"PRIM";"66";"";"0,0";"0";"KG.";"0";"KG."
"";"SEM";"4";"2";"0";"SEMOLA DI GRANO DURO";"";"";"0";"PRIM";"CO";"";"0,58";"0";"KG.";"0";"KG."
"";"SEMT";"4";"0";"0";"SEMOLA TOSCANA";"";"S";"0";"PRIM";"";"";"0,78";"0";"KG";"0";"KG"
"";"SEPPIA";"20";"2";"0";"NERO DI SEPPIA";"";"";"0";"PRIM";"CO";"";"14,6";"0";"KG.";"0";"KG."
"";"SMAS";"20";"0";"0";"ET CARRARA RETRO";"";"";"0";"SUSS";"";"";"0,0";"0";"";"0";"NR"
"";"SPECK";"10";"1";"0";"SPECK";"";"";"0";"PRIM";"66";"";"0,0";"0";"KG.";"0";"KG."
"";"SPINC";"4";"0";"0";"SPINACI COTTI";"";"";"0";"PRIM";"";"";"2,6";"0";"KG.";"0";"KG."
"";"SPINP";"20";"2";"0";"SPINACI POLVERE";"";"";"0";"PRIM";"CO";"";"5,28";"0";"KG.";"0";"KG"
"";"SPINS";"4";"2";"0";"SPINACI SURGELATI";"";"";"0";"PRIM";"CO";"";"1,22";"0";"KG.";"0";"KG."
"";"SPINST";"4";"0";"0";"SPINACI TOSCANO SURGELATI";"";"S";"0";"PRIM";"";"";"1,45";"0";"KG.";"0";"KG."
"";"SUCCO";"10";"1";"0";"SUCCO DI LIMONE";"";"";"0";"PRIM";"66";"";"0,0";"0";"KG.";"0";"KG."
"";"UOVO";"10";"1";"0";"MISTO UOVO PASTORIZZATO";"";"";"0";"PRIM";"66";"";"2,08";"0";"KG.";"0";"KG."
"";"UOVOA";"10";"0";"0";"UOVO ALLEVAMENTO A TERRA";"";"S";"0";"PRIM";"";"";"2,28";"0";"KG.";"0";"KG"
"";"UOVOT";"10";"1";"0";"UOVO APERTO TOSCANO";"";"";"0";"PRIM";"66";"";"0,0";"0";"KG";"0";"KG"
"";"VINO";"10";"1";"0";"VINO CHIANTI IGP";"";"";"0";"PRIM";"66";"";"3,87";"0";"LIT";"0";"LIT"
"";"ZAFF";"10";"0";"0";"ZAFFERANO";"";"";"0";"PRIM";"";"";"0,0";"0";"KG";"0";"KG"
"";"ZUCCA";"10";"1";"0";"ZUCCA";"";"";"0";"PRIM";"66";"";"2,8";"0";"KG.";"0";"KG."
