"cap";"categoria";"clifor";"cod_agente";"conto";"es_iva";"listino";"localita";"mastro";"natura";"pagamento";"pr";"rag_sociale1";"sconto";"spese";"tipo_fatturaz";"zona"
"";"";"C";"0";"120";"0";"";"DUBLIN 24 IRELAND";"14";"4";"R.D";"";"ADOBE SYSTEMS SOFTWERE IERLAND";"0";"0";"1";"22"
"";"";"C";"0";"122";"0";"";"BUCAREST-ROMANIA";"14";"4";"R.D";"";"CLIENTE 40";"0";"0";"1";""
"";"";"C";"0";"135";"0";"";"CO KILDARE -IRLANDA";"14";"4";"R.D";"";"KERRY INGREDIENTS & FLAVOURS";"0";"0";"2";"22"
"";"";"C";"0";"140";"0";"";"DE-83123 AMERANG";"14";"4";"R.D";"";"AUER PACKAGING GMBH";"0";"0";"1";"24"
"";"";"C";"0";"141";"0";"";"DUBLIN 18 D18 521 IRELAND";"14";"4";"";"IE";"MICROSOFT IRELAND OPERATIONS";"0";"0";"1";""
"";"";"C";"0";"145";"0";"";"90292 MARINA DEL REY CA";"14";"3";"R.D";"USA";"CLIENTE 41";"0";"0";"1";""
"";"";"C";"0";"164";"0";"";"LOS ANGELES CA 90034";"14";"3";"R.D";"USA";"PADOVANI LLC";"0";"0";"1";"26"
"";"";"C";"0";"64";"23";"";"SWITZERLAND";"14";"3";"R.D";"CH";"PASTINELLA ORIOR MENU AG.";"0";"0";"2";"28"
"";"";"C";"0";"95";"0";"";"DUBLIN 18 IRELAND";"14";"4";"R.D";"IE";"GETTY IMAGES INTERNATIONAL";"0";"0";"1";""
"";"";"F";"0";"27";"0";"";"";"40";"7";"";"";"FORNITORI VARI";"0";"1";"N";""
"";"";"F";"0";"345";"0";"";"Carrickmines-Dublin 18";"40";"4";"R.D";"IE";"GETTY IMAGES INTERNATIONAL";"0";"1";"N";""
"";"";"F";"0";"374";"0";"";"D-70188 STUTTGART";"40";"4";"R.D";"DE";"DI GENNARO FEINKOST UND";"0";"1";"N";""
"";"";"F";"0";"439";"0";"";"DUBLIN 24 IRELANS";"40";"4";"R.D";"IE";"ADOBE SYSTEMS SOFTWERE IRELAND";"0";"1";"N";""
"";"";"F";"0";"443";"0";"";"BUCAREST-ROMANIA";"40";"4";"RD3";"";"MARCELA RISTEA";"0";"1";"N";""
"";"";"F";"0";"494";"0";"";"";"40";"1";"";"";"OGNI GIORNO PER EMMA ONLUS";"0";"1";"N";""
"";"";"F";"0";"498";"0";"";"CO KILDARE-IRLANDA";"40";"4";"RD6";"";"KERRY INGREDIENTS & FLAVOURS";"0";"1";"N";""
"";"";"F";"0";"515";"0";"";"DE-83123 AMERANG";"40";"4";"R.D";"DE";"AUER PACKAGING GMBH";"0";"1";"N";""
"";"";"F";"0";"516";"0";"";"DUBLIN 18 D18 P521IRELAND";"40";"4";"R.D";"IE";"MICROSOFT IRELAND OPERATIONS";"0";"1";"N";""
"";"";"F";"0";"535";"0";"";"90292 MARINA DEL REY CA";"40";"3";"";"USA";"RICCARDO FRIGIERI";"0";"1";"N";""
"";"";"F";"0";"588";"0";"";"ELIZABETH, NJ 07201";"40";"3";"R.D";"USA";"THE RADIOUS GROUP, INC.";"0";"1";"N";""
"";"C&CHO";"C";"0";"98";"42";"61";"NO-0255 OSLO-NORWAY";"14";"3";"R.D";"NO";"OLIVIA IMPORT";"0";"0";"2";"30"
"";"DIS";"C";"0";"139";"8";"84";"4672837 Herzliya-Israel";"14";"3";"R.D";"IL";"A.Seyman Trade Ltd";"0";"0";"1";"32"
"";"DIS";"C";"0";"24";"8";"19";"CLOSE TIN WAN ABERDEEN";"14";"3";"R.D";"HK";"STABLE TRADING LIMITED ITALIAN";"0";"0";"1";"27"
"";"DIS";"C";"0";"8";"41";"14";"Co.LIMERICK";"14";"4";"B15";"IE";"PALLAS FOODS LTD";"0";"0";"2";"22"
"";"DIS";"C";"0";"84";"41";"51";"DUBLIN 12-IRELAND";"14";"4";"R.D";"IE";"K&C NORTON WHOLESALE FOODS LTD";"0";"0";"2";"22"
"";"DIS";"C";"0";"89";"41";"55";"D-70188 STUTTGART";"14";"4";"R.D";"DE";"DI GENNARO FEINKOST-UND";"3";"0";"2";"24"
"";"DIS";"C";"2";"157";"8";"96";"CASABLANCA-MAROCCO";"14";"3";"P";"MA";"BSK FOOD";"0";"0";"2";"35"
"00000";"DIS";"C";"0";"82";"41";"48";"2650 HVIDOVRE DANMARK";"14";"4";"R3D";"DK";"C & E GASTRO-IMPORT LOGISTIC";"0";"0";"2";"29"
"00040";"";"F";"0";"191";"0";"";"POMEZIA";"40";"1";"RD3";"RM";"FIORUCCI FOOD SERVICE SRL";"0";"1";"N";""
"00055";"";"F";"0";"451";"0";"";"LADISPOLI";"40";"1";"R.D";"RM";"PENNAMONTATA SRL S";"0";"1";"N";""
"00071";"";"F";"0";"110";"0";"";"POMEZIA";"40";"1";"06B";"RM";"RENTOKIL INITIAL ITALIA SPA";"0";"1";"N";""
"00123";"ECO";"C";"0";"18";"0";"EC";"ROMA";"13";"1";"P";"RM";"CLIENTE 1";"0";"0";"2";"7"
"00132";"";"F";"0";"192";"0";"";"ROMA";"40";"1";"RD3";"RM";"MAGE PROMO SERVICE SRL";"0";"1";"N";""
"00134";"";"F";"0";"348";"0";"";"ROMA";"40";"1";"RD3";"RM";"ENDOVIS SRL";"0";"1";"N";""
"00142";"";"F";"0";"106";"0";"";"ROMA";"40";"1";"R.D";"RM";"ENI SPA";"0";"1";"N";""
"00144";"";"F";"0";"456";"0";"";"ROMA";"40";"1";"R.D";"RM";"AGROQUALITA SPA";"0";"1";"N";""
"00155";"";"C";"0";"34";"0";"10";"ROMA";"14";"1";"R.D";"RM";"HOTEL ROTELLE CO.DIVI SRL";"0";"0";"2";"7"
"00155";"";"F";"0";"579";"0";"";"ROMA";"40";"1";"R.D";"RM";"UNIVERSAL MARKETING SRL";"0";"1";"N";""
"00159";"";"F";"0";"122";"0";"";"ROMA";"40";"1";"R.D";"RM";"AUTOSTRADE PER L'ITALIA SPA";"0";"1";"N";""
"00159";"";"F";"0";"123";"0";"";"ROMA";"40";"1";"R.D";"RM";"TELEPASS SPA";"0";"1";"N";""
"00161";"";"F";"0";"108";"0";"";"ROMA";"40";"1";"R.D";"RM";"INFOCAMERE SOCIETA' CONSORTILE";"0";"1";"N";""
"00161";"";"F";"0";"144";"0";"";"ROMA";"40";"1";"R.D";"RM";"TRENITALIA SPA";"0";"1";"N";""
"00173";"";"F";"0";"412";"0";"";"ROMA";"40";"1";"RD3";"RM";"DPS AGENCY SRL";"0";"1";"N";""
"00176";"ECO";"C";"0";"19";"0";"EC";"ROMA";"13";"2";"P";"RM";"CLIENTE 2";"0";"0";"2";"7"
"00185";"";"F";"0";"212";"0";"";"ROMA";"40";"1";"R.D";"RM";"M.E.R.G.E.L.L.I.N.A. SRL";"0";"1";"N";""
"00187";"";"F";"0";"259";"0";"";"ROMA";"40";"1";"RD3";"RM";"METAENERGIA SPA";"0";"1";"N";""
"00187";"";"F";"0";"483";"0";"";"ROMA";"40";"1";"R.D";"RM";"TSH COLLAB ITALY SRL";"0";"1";"N";""
"00187";"";"F";"0";"567";"0";"";"ROMA";"40";"1";"R.D";"RM";"TSH FLORENCE OPCO SRL";"0";"1";"N";""
"00195";"";"F";"0";"458";"0";"";"ROMA";"40";"2";"R.D";"RM";"SHENZHENSHI SHICHENDIANZISHANG";"0";"1";"N";""
"00195";"";"F";"0";"570";"0";"";"ROMA";"40";"1";"RD3";"RM";"SPS INOVYS LOGISTIC SPA";"0";"1";"N";""
"00198";"";"F";"0";"176";"0";"";"ROMA";"40";"1";"RD3";"RM";"ENEL SERVIZIO ELETTRICO SPA";"0";"1";"N";""
"01036";"";"F";"0";"248";"0";"";"NEPI";"40";"1";"RD3";"VT";"I.P.A.SRL";"0";"1";"N";""
"01070";"";"C";"0";"79";"41";"45";"BRUXELLES";"14";"4";"RD3";"BE";"AGRIDISTRIBUTION SPRL";"0";"0";"2";"25"
"03043";"";"F";"0";"182";"0";"";"CASSINO";"40";"1";"R.D";"FR";"ROCCA 2000 DI ROCCA R.E c.SNC";"0";"1";"N";""
"03043";"";"F";"0";"321";"0";"";"CASSINO";"40";"1";"RD3";"FR";"CONSORZIO TO WORK";"0";"1";"N";""
"03043";"";"F";"0";"486";"0";"";"CASSINO";"40";"1";"RD6";"FR";"MINERVA SRLS";"0";"1";"N";""
"04011";"DSCEU";"C";"0";"113";"0";"69";"APRILIA";"14";"1";"RD3";"LT";"EUROSPIN LAZIO SPA";"0";"0";"2";"7"
"04022";"ECO";"C";"0";"9";"0";"EC";"FONDI";"13";"2";"P";"LT";"CLIENTE 3";"0";"0";"2";"7"
"04100";"";"F";"0";"533";"0";"";"LATINA";"40";"1";"RD3";"LT";"VIVARELLI CONSULTING SRLS";"0";"1";"N";""
"04100";"DET";"C";"0";"148";"0";"89";"LATINA";"14";"1";"R.D";"LT";"WHITE RICEVIMENTI SRL";"0";"0";"2";"7"
"06010";"";"F";"0";"15";"0";"";"CITERNA";"40";"1";"RB3";"PG";"BOSCHI 1881 SRL";"0";"1";"N";""
"06012";"";"F";"0";"506";"0";"";"CITTA' DI CASTELLO";"40";"2";"R.D";"PG";"OFFICE SHOP DI TANZI MARCO";"0";"1";"N";""
"06012";"";"F";"0";"611";"0";"";"CITTA' DI CASTELLO";"40";"1";"R.D";"PG";"L'ABBONDANZA SRL";"0";"1";"N";""
"06038";"";"F";"0";"415";"0";"";"SPELLO";"40";"2";"R.D";"PG";"IL TARTUFO DI PAOLO DI";"0";"1";"N";""
"06061";"";"F";"0";"102";"0";"";"CASTIGLION DEL LAGO";"40";"1";"R.D";"PG";"COOP CENTRO ITALIA";"0";"1";"N";""
"06061";"";"F";"0";"208";"0";"";"CASTIGLIONE DEL LAGO";"40";"2";"R.D";"PG";"A 360 GRADI BAR CAFFETTERIA DI";"0";"1";"N";""
"06061";"GDOCO";"C";"0";"4";"0";"7";"CASTIGLIONE DEL LAGO";"14";"1";"RD3";"PG";"COOP CENTRO ITALIA";"0";"0";"1";"18"
"06063";"";"F";"0";"476";"0";"";"MAGIONE PERUGIA";"40";"1";"RB6";"PG";"FRANTOI OLEARI ITALIANI SRL";"0";"1";"N";""
"06063";"";"F";"0";"497";"0";"";"MAGIONE";"40";"1";"R.D";"PG";"EUROSPIN TIRRENICA SPA";"0";"1";"N";""
"06063";"DSCEU";"C";"0";"116";"0";"69";"MADON.DI SOCCORSO MAGIONE";"14";"1";"RD3";"PG";"EUROSPIN TIRRENICA SPA";"0";"0";"2";"18"
"06087";"";"F";"0";"305";"0";"";"PONTE SAN GIOVANNI";"40";"1";"RD3";"PG";"IPERSERVICE SOC. COOPERATIVA";"0";"1";"N";""
"06135";"";"C";"23";"26";"0";"5";"PONTE SAN GIOVANNI";"14";"1";"RD3";"PG";"G.M.F.SPA";"0";"0";"2";"18"
"06700";"";"F";"0";"40";"0";"";"ST-LAURENT-DU-VAR";"40";"4";"";"FR";"BARBERO TRANSPORTS";"0";"1";"N";""
"08000";"DIS";"C";"0";"69";"41";"41";"ARHUS C DANIMARCA";"14";"4";"R.D";"DK";"PASSIONE BY MARCELLO DA MILANO";"0";"0";"2";"29"
"08009";"";"C";"0";"158";"0";"";"BARCELLONA";"14";"4";"R.D";"ES";"VACACIONES eDREAMS SLU";"0";"0";"2";""
"08009";"";"F";"0";"589";"0";"";"BARCELLONA";"40";"4";"R.D";"ES";"VACACIONES eDREMAS SLU -OPODO";"0";"1";"N";""
"08694";"DIS";"C";"0";"161";"41";"99";"SPAGNA";"14";"4";"R.D";"ES";"PARTENOPE & BEVERAGE SL";"0";"0";"2";"36"
"09850";"";"F";"0";"290";"0";"";"HIRTSHALS";"40";"4";"RD3";"DK";"JELEX SEAFOOS A/S";"0";"1";"N";""
"10015";"";"F";"0";"296";"0";"";"IVREA";"40";"1";"R.D";"TO";"VODAFONE ITALIA SPA";"0";"1";"N";""
"10023";"";"F";"0";"536";"0";"";"CHIERI";"40";"1";"R.D";"TO";"ONE FOOD SRL";"0";"1";"N";""
"10036";"";"F";"0";"317";"0";"";"SETTIMO TORINESE";"40";"1";"R.D";"TO";"JOOG SRL";"0";"1";"N";""
"10093";"";"F";"0";"9";"0";"";"COLLEGNO";"40";"1";"R3D";"TO";"RCA IMBALLAGGI FLESSIBILI Srl";"0";"1";"N";""
"10121";"";"F";"0";"610";"0";"";"TORINO";"40";"1";"RD3";"TO";"INTESA SAN PAOLO SPA";"0";"1";"N";""
"10135";"";"F";"0";"404";"0";"";"TORINO";"40";"1";"RD3";"TO";"LEASYS SPA";"0";"1";"N";""
"10135";"ECO";"C";"0";"27";"0";"EC";"TORINO";"13";"2";"P";"TO";"CLIENTE 4";"0";"0";"1";"12"
"1080";"";"C";"0";"33";"41";"8";"MOLENBEEK SAINT JEAN (BE)";"14";"4";"R.D";"BE";"SA ITALBERE";"0";"0";"2";"25"
"1110";"";"C";"0";"37";"0";"";"BRUXELLES -BELGIO";"14";"4";"R.D";"BE";"DELAGAZIONE ITALIANA NATO";"0";"0";"1";"25"
"1140";"";"C";"0";"132";"0";"";"Brussels-Belgium";"14";"4";"R.D";"BR";"D-Side s.a./n.v";"0";"0";"1";""
"1140";"";"F";"0";"485";"0";"";"BRUSSELS BELGIUM";"40";"4";"R.D";"BE";"D-SIDE s.a./n.v.";"0";"1";"N";""
"12011";"";"F";"0";"410";"0";"";"BORGO S.DALMAZZO";"40";"1";"RD3";"CN";"AZIENDA AGRIMONTANA SPA";"0";"1";"N";""
"12042";"";"F";"0";"250";"0";"";"BRA";"40";"1";"RD3";"CN";"TESI SPA";"0";"1";"N";""
"12060";"";"F";"0";"352";"0";"";"CLAVESANA";"40";"2";"R.D";"CN";"AGRITURISMO SAN MARTINO DI";"0";"1";"N";""
"12100";"";"F";"0";"326";"0";"";"CUNEO";"40";"1";"RD3";"CN";"EUROFINS CHEMICAL CONTROL SRL";"0";"1";"N";""
"14100";"";"F";"0";"73";"0";"";"ASTI";"40";"2";"RD3";"AT";"PASCUZZI MICHELE";"0";"1";"N";""
"15067";"";"F";"0";"481";"0";"";"NOVI LIGURE";"40";"1";"R.D";"AL";"GAMBAROTTA SRL";"0";"1";"N";""
"15122";"";"F";"0";"170";"0";"";"SAN GIULIANO NUOVO";"40";"1";"RB3";"AL";"IDA S.R.L.";"0";"1";"N";""
"1600";"DIS";"C";"0";"129";"41";"78";"SINT PIETERS  LEEUW";"14";"4";"R.D";"BE";"STIVAL SA NV";"0";"0";"2";"25"
"16040";"";"F";"0";"608";"0";"";"SAN COLOMBANO CERTENOLI";"40";"1";"R.D";"GE";"PRATO SERVICE DI DANILO";"0";"1";"N";""
"16043";"ECO";"C";"0";"35";"0";"EC";"CHIAVARI";"13";"2";"CON";"GE";"CLIENTE 5";"0";"0";"2";"8"
"16100";"";"F";"0";"101";"0";"";"GENOVA";"40";"1";"RD6";"GE";"ITA ISTITUTO TECNOLOGIE";"0";"1";"N";""
"16121";"";"C";"0";"75";"0";"43";"GENOVA";"14";"1";"RD3";"GE";"FOREAT SRL";"0";"0";"B";"8"
"16122";"";"F";"0";"207";"0";"";"GENOVA";"40";"1";"RD3";"GE";"IREN MERCATO SPA";"0";"1";"N";""
"16124";"";"C";"2";"46";"0";"24";"GENOVA";"14";"2";"RD3";"GE";"EURO EXPRESS DI ABUL KADER";"0";"0";"2";"8"
"16148";"";"F";"0";"194";"0";"";"GENOVA";"40";"2";"RD3";"GE";"CODELUPPI MASSIMO";"0";"1";"N";""
"16154";"";"C";"2";"55";"0";"31";"GENOVA SESTRI PONENTE";"14";"2";"RD3";"GE";"BOTTEGA DELLA CARNI DI";"0";"0";"2";"8"
"16163";"";"F";"0";"179";"0";"";"BOLZANETTO";"40";"1";"R.D";"GE";"SOGEGROSS SPA";"0";"1";"N";""
"16163";"";"F";"0";"556";"0";"";"GENOVA";"40";"1";"R3D";"GE";"MA.PRI.COM SPA";"0";"1";"N";""
"16163";"C&C";"C";"0";"47";"0";"25";"GENOVA";"14";"1";"RD3";"GE";"SOGEGROSS SPA";"0";"0";"2";"8"
"17600";"";"C";"0";"123";"0";"";"FIGUERES-GIRONA";"14";"4";"R.D";"ES";"PRIMEFARMA S.L.";"0";"0";"1";""
"17600";"";"F";"0";"445";"0";"";"FIGUERES-GIRONA";"40";"4";"R.D";"ES";"PRIMEFARMA S.L.";"0";"1";"N";""
"18038";"";"C";"2";"53";"0";"31";"SANREMO";"14";"1";"RD3";"IM";"PENGUE MASSIMO SAS";"0";"0";"2";"8"
"18039";"";"C";"0";"58";"0";"24";"VENTIMIGLIA";"14";"1";"RD3";"IM";"EMEA SRL";"10";"0";"2";"8"
"1844";"DIS";"C";"0";"156";"8";"95";"VILLENEUVE-VD";"14";"3";"R3D";"CH";"GASTRONOMIA ITALIA-TEDESCO";"0";"0";"2";"28"
"19031";"";"F";"0";"281";"0";"";"BOCCA DI MAGRA";"40";"2";"R.D";"SP";"LA LUCERNA DI FERRO GIUSEPPINA";"0";"1";"N";""
"19032";"";"C";"2";"54";"0";"31";"SANTERENZO LERICI";"14";"2";"RD3";"SP";"CLIENTE 42";"0";"0";"2";"8"
"19038";"ECO";"C";"0";"25";"0";"EC";"SARZANA";"13";"2";"P";"SP";"CLIENTE 6";"0";"0";"2";"8"
"20019";"";"F";"0";"289";"0";"";"SETTIMO MILANESE";"40";"1";"R.D";"MI";"LA COMIDA SRL";"0";"1";"N";""
"20020";"";"F";"0";"518";"0";"";"LAINATE";"40";"1";"R.D";"MI";"ROTOPRINT SOVRASTAMPA SRL";"0";"1";"N";""
"20020";"";"F";"0";"7";"0";"";"PARE'";"40";"1";"RB3";"CO";"TRAFILE TURCONI S.r.l.";"0";"1";"N";""
"20020";"DIS";"C";"0";"118";"0";"74";"LAINATE";"14";"1";"R.D";"MI";"FERRAIUOLO FOODS SRLS";"0";"0";"2";"28"
"20023";"ECO";"C";"0";"16";"0";"EC";"CERRO MAGGIORE";"13";"2";"P";"MI";"CLIENTE 7";"0";"0";"2";"9"
"20026";"";"F";"0";"478";"0";"";"NOVATE MILANESE";"40";"1";"RD3";"MI";"CONSORZIO S.A.F.R.A SOC.COOPER";"0";"1";"N";""
"20026";"ECO";"C";"0";"10";"0";"EC";"NOVATE MILANESE";"13";"2";"P";"MI";"CLIENTE 8";"0";"0";"2";"9"
"20030";"";"F";"0";"351";"0";"";"SENAGO";"40";"1";"RD3";"MI";"CSI SPA";"0";"1";"N";""
"20037";"";"F";"0";"423";"0";"";"PADERNO DUGNANO";"40";"1";"RD3";"MI";"BARENTZ SERVICE SPA";"0";"1";"N";""
"20052";"";"F";"0";"200";"0";"";"MONZA";"40";"1";"R.D";"MI";"WITT ITALIA SRL";"0";"1";"N";""
"20056";"";"F";"0";"414";"0";"";"TREZZO SULL'ADDA";"40";"1";"RD3";"MI";"SPS IDEA.LOGISTIC SRL";"0";"1";"N";""
"20063";"";"F";"0";"149";"0";"";"CERNUSCO SUL NAVIGLIO";"40";"1";"RS3";"MI";"DRYCE ITALIA SRL";"0";"1";"N";""
"20063";"";"F";"0";"56";"0";"";"CERNUSCO SUL NAVIGLIO";"40";"1";"R.D";"MI";"PENNY MARKET ITALIA SRL";"0";"1";"N";""
"20063";"";"F";"0";"563";"0";"";"CERNUSCO SUL NAVIGLIO";"40";"1";"R.D";"MI";"TIDIEMME SRL";"0";"1";"N";""
"20063";"DSC";"C";"0";"10";"0";"20";"CERNUSCO SUL NAVIGLIO";"14";"1";"RD3";"MI";"PENNY MARKET ITALIA SRL";"0";"0";"B";"16"
"20063";"DSC";"C";"0";"91";"0";"20";"CERNUSCO SUL NAVIGLIO";"14";"1";"RD3";"MI";"PENNY MARKET SRL";"0";"0";"B";"16"
"20064";"";"F";"0";"379";"0";"";"GORGONZOLA";"40";"1";"R.D";"MI";"KOPRON SPA";"0";"1";"N";""
"20066";"";"F";"0";"441";"0";"";"MELZO";"40";"1";"R.D";"MI";"DUE SPADE SRL";"0";"1";"N";""
"20068";"";"F";"0";"234";"0";"";"PESCHIERA BORROMEO";"40";"1";"R.D";"MI";"TECNOSOFT SRL";"0";"1";"N";""
"20068";"";"F";"0";"356";"0";"";"PESCHIERA BORROMEO";"40";"1";"R.D";"MI";"LETIZIA SRL";"0";"1";"N";""
"20082";"";"F";"0";"299";"0";"";"NOVIGLIO";"40";"2";"R.D";"MI";"TRATT.LA MADONNINA DI MERMENTI";"0";"1";"N";""
"20085";"";"F";"0";"369";"0";"";"LOCATE DI TRIULZI";"40";"2";"R.D";"MI";"TRAT.GRASS DE ROST DI REGONATI";"0";"1";"N";""
"20089";"";"F";"0";"117";"0";"";"ROZZANO MILANOFIORI";"40";"1";"R.D";"MI";"AUCHAN SPA";"0";"1";"N";""
"20089";"GDO";"C";"0";"11";"0";"30";"ROZZANO MILANOFIORI";"14";"1";"RD3";"MI";"AUCHAN SPA";"10";"0";"B";"9"
"20089";"GDO";"C";"0";"22";"0";"30";"ROZZANO MILANOFIORI";"14";"1";"RD3";"MI";"SMA SUPERMERCATI SPA";"10";"0";"2";"9"
"20090";"ECO";"C";"0";"37";"0";"EC";"BUCCIANASCO";"13";"1";"P";"MI";"CLIENTE 43";"0";"0";"1";"9"
"20090";"";"F";"0";"171";"0";"";"OPERA";"40";"1";"R.D";"MI";"TIBI HOLDING SRL";"0";"1";"N";""
"20090";"";"F";"0";"199";"0";"";"RODANO";"40";"1";"R.D";"MI";"PACK SERVICES SRL";"0";"1";"N";""
"20090";"";"F";"0";"247";"0";"";"OPERA";"40";"1";"R.D";"MI";"GEFA SRL";"0";"1";"N";""
"20090";"";"F";"0";"419";"0";"";"MONZA";"40";"2";"R.D";"MB";"LZ Rappresentanze di GIANA";"0";"1";"N";""
"20090";"";"F";"0";"44";"0";"";"OPERA";"40";"1";"R.D";"MI";"TABO SRL";"0";"1";"N";""
"20090";"";"F";"0";"77";"0";"";"PIEVE EMANUELE";"40";"1";"R.D";"MI";"COOP CONSORZIO NORD OVEST";"0";"1";"N";""
"20090";"GDOCO";"C";"0";"86";"0";"52";"PIEVE EMANUELE";"14";"1";"RD3";"MI";"COOP CONSORZIO NORD OVEST S.";"0";"0";"2";"9"
"20090";"GDOES";"C";"0";"5";"0";"13";"LIMITO DI PIOLTELLO";"14";"1";"3RD";"MI";"ESSELUNGA SPA";"0";"0";"2";"16"
"20090";"GDOES";"C";"0";"6";"0";"13";"LIMITO DI PIOLTELLO";"14";"1";"3RD";"MI";"ESSELUNGA SPA";"0";"0";"2";"9"
"20090";"GDOES";"C";"0";"7";"0";"13";"LIMITO DI PIOLTELLO";"14";"1";"3RD";"MI";"ESSELUNGA SPA";"0";"0";"2";"9"
"20090";"GDOES";"C";"0";"81";"0";"13";"LIMITO DI PIOLTELLO";"14";"1";"R3D";"MI";"ESSELUNGA SPA";"0";"0";"2";"9"
"20091";"";"C";"0";"14";"0";"37";"BRESSO";"14";"1";"RD3";"MI";"GARTICO SOC. CONSORTILE A R.L.";"0";"0";"1";"9"
"20091";"";"F";"0";"100";"0";"";"BRESSO";"40";"1";"R.D";"MI";"GARTICO SOCIETA'CONSOR. A R.L.";"0";"1";"N";""
"20091";"";"F";"0";"293";"0";"";"BRESSO";"40";"1";"RD3";"MI";"RIALTO SRL";"0";"1";"N";""
"20091";"GDO";"C";"0";"62";"0";"37";"BRESSO";"14";"1";"RD3";"MI";"RIALTO SPA";"0";"0";"2";"9"
"20092";"";"F";"0";"544";"0";"";"CINISELLO BALSAMO";"40";"1";"RB6";"MI";"CAMBIELLI EDILFRIULI SPA";"0";"1";"N";""
"20093";"ECO";"C";"0";"24";"0";"EC";"COLOGNO MONZESE";"13";"2";"P";"MI";"CLIENTE 9";"0";"0";"2";"9"
"20096";"";"F";"0";"286";"0";"";"PIOLTELLO";"40";"1";"R.D";"MI";"WANNA S 199 SAS DI LEI JUN C";"0";"1";"N";""
"20096";"";"F";"0";"48";"0";"";"LIMITO DI PIOLTELLO";"40";"1";"R.D";"MI";"ESSELUNGA SPA";"0";"1";"N";""
"20097";"";"F";"0";"309";"0";"";"SAN DONATO MILANESE";"40";"1";"R.D";"MI";"METRO ITALIA AND CASH CARRY";"0";"1";"N";""
"20097";"C&C";"C";"0";"87";"0";"50";"SAN DONATO MILANESE";"14";"1";"RD3";"MI";"METRO ITALIA CASH AND CARRY";"0";"0";"2";"16"
"20099";"";"F";"0";"333";"0";"";"SESTO SAN GIOVANNI";"40";"1";"R.D";"MI";"ROSSORIMINI SRL";"0";"1";"N";""
"20099";"";"F";"0";"355";"0";"";"SESTO SAN GIOVANNI";"40";"1";"R.D";"MI";"SEVEN SRL";"0";"1";"N";""
"20099";"";"F";"0";"601";"0";"";"SESTO SAN GIOVANNI";"40";"1";"R.D";"MI";"FeB SRL";"0";"1";"N";""
"20100";"";"F";"0";"139";"0";"";"MILANO";"40";"1";"R.D";"MI";"SMA SPA SOC.UNIP.SOGG.A DIR.E";"0";"1";"N";""
"20100";"";"F";"0";"197";"0";"";"MILANO";"40";"1";"R.D";"MI";"DI PER DI SRL";"0";"1";"N";""
"20100";"";"F";"0";"229";"0";"";"MILANO";"40";"1";"R.D";"MI";"GS SPA";"0";"1";"N";""
"20100";"";"F";"0";"386";"0";"";"MILANO";"40";"2";"R.D";"MI";"LA PICCOLA ISCHIA DI";"0";"1";"N";""
"20100";"";"F";"0";"92";"0";"";"MILANO";"40";"1";"RB3";"MI";"BIZERBA SPA";"0";"1";"N";""
"20121";"";"F";"0";"310";"0";"";"MILANO";"40";"1";"RD3";"MI";"GS1 ITALY SERVIZI SRL";"0";"1";"N";""
"20121";"";"F";"0";"490";"0";"";"MILANO";"40";"1";"R.D";"MI";"IUBENDA SRL";"0";"1";"N";""
"20122";"";"F";"0";"178";"0";"";"MILANO";"40";"9";"R.D";"MI";"IBC ASSOCIAZIONE INDUSTRIE";"0";"1";"N";""
"20122";"";"F";"0";"180";"0";"";"MILANO";"40";"1";"R.D";"MI";"TESTO SPA";"0";"1";"N";""
"20122";"";"F";"0";"298";"0";"";"MILANO";"40";"1";"RB3";"MI";"MANPOWER SRL";"0";"1";"N";""
"20122";"";"F";"0";"565";"0";"";"MILANO";"40";"1";"R.D";"MI";"HOTEL BRESSO SRL";"0";"1";"N";""
"20123";"";"F";"0";"13";"0";"";"MILANO";"40";"1";"RD3";"MI";"SAPIO PROD.IDR.OSSIGENO SRL";"0";"1";"N";""
"20123";"";"F";"0";"214";"0";"";"MILANO";"40";"1";"R.D";"MI";"4G RETAIL SRL";"0";"1";"N";""
"20123";"";"F";"0";"85";"0";"";"MILANO";"40";"1";"RD3";"MI";"TIM SPA";"0";"1";"N";""
"20124";"";"F";"0";"261";"0";"";"MILANO";"40";"1";"R.D";"MI";"LA PESA TRATTORIA SRL";"0";"1";"N";""
"20124";"";"F";"0";"282";"0";"";"MILANO";"40";"1";"R.D";"MI";"PRATICHE.IT SRL";"0";"1";"N";""
"20124";"";"F";"0";"368";"0";"";"MILANO";"40";"1";"RB3";"MI";"OPENJOBMETIS SPA";"0";"1";"N";""
"20124";"";"F";"0";"474";"0";"";"MILANO";"40";"1";"R.D";"MI";"WEBINARPRO SRL";"0";"1";"N";""
"20124";"";"F";"0";"541";"0";"";"MILANO";"40";"1";"RD3";"MI";"THERMA SRL";"0";"1";"N";""
"20124";"";"F";"0";"564";"0";"";"MILANO";"40";"1";"";"MI";"EDENRED ITALIA SRL";"0";"1";"N";""
"20124";"";"F";"0";"585";"0";"";"MILANO";"40";"1";"RD6";"MI";"ENJOY PROMOTION SRL";"0";"1";"N";""
"20124";"";"F";"0";"599";"0";"";"MILANO";"40";"1";"R.D";"MI";"BLU SERVICE SRL";"0";"1";"N";""
"20126";"";"F";"0";"562";"0";"";"MILANO";"40";"1";"R.D";"MI";"EFFEGI SNC DI PETTA FELICE E";"0";"1";"N";""
"20128";"";"C";"0";"150";"0";"";"MILANO";"14";"1";"R.D";"MI";"SAM SENSORY AND MARKETING";"0";"0";"1";""
"20128";"";"F";"0";"538";"0";"";"MILANO";"40";"1";"RD3";"MI";"SAM SENSORY AND MARKETING";"0";"1";"N";""
"20129";"";"F";"0";"350";"0";"";"MILANO";"40";"1";"R.D";"MI";"GEM SAS DI ENNIO SCAVO & C.";"0";"1";"N";""
"20129";"";"F";"0";"428";"0";"";"MILANO";"40";"1";"R.D";"MI";"VERA SRL";"0";"1";"N";""
"20129";"";"F";"0";"477";"0";"";"MILANO";"40";"1";"RD3";"MI";"IPER MONTEBELLO SPA";"0";"1";"N";""
"20129";"";"F";"0";"502";"0";"";"MILANO";"40";"1";"RD6";"MI";"A.MANZONI & C.SPA";"0";"1";"N";""
"20129";"";"F";"0";"574";"0";"";"MILANO";"40";"1";"R.D";"MI";"AL GRISSINO SRL";"0";"1";"N";""
"20129";"GDO";"C";"0";"121";"0";"75";"MILANO";"14";"1";"RD3";"MI";"IPER MONTEBELLO SPA";"0";"0";"2";"9"
"20131";"";"F";"0";"156";"0";"";"MILANO";"40";"1";"R.D";"MI";"SISTEMA HOTEL EXPO 2015 SRL";"0";"1";"N";""
"20131";"";"F";"0";"22";"0";"";"MILANO";"40";"1";"R.9";"MI";"AMINO PACK SPA";"0";"1";"N";""
"20131";"";"F";"0";"319";"0";"";"MILANO";"40";"1";"RD3";"MI";"PROMETEO SOCIETA' COOPERATIVA";"0";"1";"N";""
"20137";"";"F";"0";"314";"0";"";"MILANO";"40";"1";"RBB";"MI";"GREENLINECIRVI SRLS";"0";"1";"N";""
"20138";"";"F";"0";"240";"0";"";"MILANO";"40";"1";"RBB";"MI";"PRODOTTI GIANNI SRL";"0";"1";"N";""
"20141";"";"F";"0";"237";"0";"";"MILANO";"40";"1";"RD3";"MI";"SOONERS SRL";"0";"1";"N";""
"20142";"";"F";"0";"254";"0";"";"MILANO";"40";"1";"R.D";"MI";"COOP LOMBARDIA SOC.COOPERATIVA";"0";"1";"N";""
"20144";"";"F";"0";"6";"0";"";"MILANO";"40";"1";"3RD";"MI";"MASTERPACK S.p.A";"0";"1";"N";""
"20147";"ECO";"C";"0";"1";"0";"EC";"MILANO";"13";"2";"P";"MI";"CLIENTE 10";"0";"0";"2";"9"
"20151";"";"F";"0";"417";"0";"";"MILANO";"40";"1";"R.D";"MI";"LA BARCHETTA SRL";"0";"1";"N";""
"20153";"";"F";"0";"138";"0";"";"MILANO";"40";"1";"R.D";"MI";"S.S.C.SOC.SVILUPPO COMMERC.SRL";"0";"1";"N";""
"20153";"";"F";"0";"218";"0";"";"MILANO";"40";"1";"R.D";"MI";"MYCHEF RIST.comm.spa";"0";"1";"N";""
"20153";"";"F";"0";"388";"0";"";"MILANO";"40";"2";"R.D";"MI";"CARREFOUR ITALIA FINANCE SRL";"0";"1";"N";""
"20153";"";"F";"0";"425";"0";"";"MILANO";"40";"1";"R.D";"MI";"AL GRISEA DI FILOSA G&C.SAS";"0";"1";"N";""
"20153";"GDOGS";"C";"0";"127";"0";"63";"MILANO";"14";"1";"RD3";"MI";"GS SPA";"0";"0";"2";"16"
"20153";"GDOGS";"C";"0";"128";"0";"64";"MILANO";"14";"1";"RD3";"MI";"GS SPA";"0";"0";"2";"16"
"20153";"GDOGS";"C";"0";"20";"0";"63";"MILANO";"14";"1";"RD3";"MI";"S.S.C. SOC.SVIL.COMMER.SRL";"0";"0";"B";"9"
"20153";"GDOGS";"C";"0";"52";"0";"64";"MILANO";"14";"1";"RD3";"MI";"DiperDi S.r.l.";"0";"0";"B";"16"
"20153";"GDOGS";"C";"0";"67";"0";"38";"MILANO";"14";"1";"RD3";"MI";"S.S.C.SOC.SVIL.COMMERCIALE SRL";"0";"0";"B";"16"
"20153";"GDOGS";"C";"0";"71";"0";"38";"MILANO";"14";"1";"RD3";"MI";"GS SPA";"0";"0";"B";"9"
"20153";"GDOGS";"C";"0";"92";"0";"57";"MILANO";"14";"1";"RD3";"MI";"GS SPA";"0";"0";"2";"9"
"20159";"";"F";"0";"365";"0";"";"MILANO";"40";"1";"R3S";"MI";"EXPERIENCE PMR SRL";"0";"1";"N";""
"20159";"";"F";"0";"619";"0";"";"MILANO";"40";"4";"";"MI";"OTIM Spa";"0";"1";"N";""
"20159";"DET";"C";"0";"110";"0";"72";"MILANO";"14";"1";"R.D";"MI";"RISTORANTE AL TRONCO SAS DI";"0";"0";"2";"9"
"20162";"";"F";"0";"72";"0";"";"MILANO";"40";"1";"RD3";"MI";"FACCHINI GROUP SRL";"0";"1";"N";""
"20167";"";"F";"0";"493";"0";"";"MILANO";"40";"1";"RD3";"MI";"BRT SPA";"0";"1";"N";""
"20305";"";"C";"0";"17";"41";"40";"Irun-Guipuzcoa (ESPAGNA)";"14";"4";"R3D";"ES";"SOLBES GOURME, S.L.";"0";"0";"1";"23"
"20843";"";"F";"0";"532";"0";"";"VERANO BRIANZA";"40";"1";"R.D";"MB";"MEDIAMARKET SPA";"0";"1";"N";""
"20861";"";"F";"0";"438";"0";"";"BRUGHERIO";"40";"2";"R.D";"MI";"SPORTING BRIGHERIO DI";"0";"1";"N";""
"20873";"";"F";"0";"330";"0";"";"CAVENAGO";"40";"1";"RD3";"MB";"STARDUST SRL";"0";"1";"N";""
"21042";"";"F";"0";"235";"0";"";"CARONNO PERTUSELLA";"40";"1";"RD9";"VA";"VISKASE SPA";"0";"1";"N";""
"21043";"ECO";"C";"0";"6";"0";"EC";"CASTIGLIONE OLONA";"13";"2";"P";"VA";"CLIENTE 11";"0";"0";"2";"9"
"21052";"";"F";"0";"3";"0";"";"BUSTO ARSIZIO";"40";"1";"R3D";"VA";"A.D.E.A. S.r.l.";"0";"1";"N";""
"21100";"";"F";"0";"492";"0";"";"VARESE";"40";"1";"RD3";"VA";"VIDEOJET ITALIA SRL";"0";"1";"N";""
"22030";"";"F";"0";"446";"0";"";"LIPOMO";"40";"1";"RB3";"CO";"VERGA SRL";"0";"1";"N";""
"22070";"";"F";"0";"398";"0";"";"LOCATE VARESINO";"40";"1";"R.D";"CO";"CASTIGLIONI SRL";"0";"1";"N";""
"22071";"";"F";"0";"213";"0";"";"CADORAGO";"40";"1";"RD3";"CO";"ALMA SRL";"0";"1";"N";""
"22075";"";"F";"0";"622";"0";"";"LURATE CACCIVIO";"40";"1";"R.D";"CO";"DOMINIONI SRL";"0";"1";"N";""
"22078";"";"F";"0";"411";"0";"";"TURATE";"40";"1";"R.D";"CO";"MARTINI ALFREDO SPA";"0";"1";"N";""
"22100";"";"F";"0";"530";"0";"";"COMO";"40";"1";"R.D";"CO";"EL PRIMERO SRL";"0";"1";"N";""
"23015";"";"F";"0";"393";"0";"";"DUBINO";"40";"1";"R.D";"SO";"CONTEA SRL";"0";"1";"N";""
"23666";"";"F";"0";"161";"0";"";"VIRGINIA USA";"40";"3";"R.D";"US";"REGISTRAR CORP";"0";"1";"N";""
"23815";"";"F";"0";"508";"0";"";"INTROBIO";"40";"1";"RD3";"LC";"GILDO DEI F.LLI CIRESA W&C SNC";"0";"1";"N";""
"23883";"";"F";"0";"84";"0";"";"BRIVIO";"40";"1";"RD3";"LC";"ALI BIG INDUSTRIA ALIMENT.SRL";"0";"1";"N";""
"24040";"ECO";"C";"0";"30";"0";"EC";"CASTEL ROZZONE";"13";"2";"P";"BG";"CLIENTE 12";"0";"0";"2";"9"
"24125";"";"F";"0";"605";"0";"";"BERGAMO";"40";"1";"RD3";"BG";"BRIVIO & VIGANO' LOGISTISC SRL";"0";"1";"N";""
"25038";"";"F";"0";"376";"0";"";"ROVATO";"40";"1";"R.D";"BS";"SWS PRINTING SRL";"0";"1";"N";""
"25040";"";"F";"0";"316";"0";"";"CIVIDATE CAMUNO";"40";"1";"RBB";"BS";"HYGEIA SRL";"0";"1";"N";""
"25126";"";"F";"0";"339";"0";"";"BRESCIA";"40";"1";"R.D";"BS";"STUDIOSTANDS.IT";"0";"1";"N";""
"25126";"";"F";"0";"617";"0";"";"BRESCIA";"40";"1";"R.D";"BS";"FOOD SERVICE SRL";"0";"1";"N";""
"26017";"ECO";"C";"0";"32";"0";"EC";"PIERANICA";"13";"2";"P";"CR";"CLIENTE 13";"0";"0";"1";"9"
"26823";"ECO";"C";"0";"26";"0";"EC";"CASTIGLIONE D'ADDA";"13";"2";"P";"LO";"CLIENTE 14";"0";"0";"1";"9"
"26823";"ECO";"C";"0";"28";"0";"EC";"CASTIGLIONE D'ADDA";"13";"1";"P";"LO";"CLIENTE 15";"0";"0";"2";"9"
"26831";"";"F";"0";"244";"0";"";"CASLAMIOCCO";"40";"2";"RD3";"LO";"POLLONI ROMANO";"0";"1";"N";""
"26839";"ECO";"C";"0";"12";"0";"EC";"ZELO BUON PERSICO";"13";"2";"P";"LO";"CLIENTE 16";"0";"0";"2";"9"
"26854";"";"F";"0";"157";"0";"";"PIEVE DI FISSIRAGA";"40";"1";"R.D";"LO";"LODI SK SRL";"0";"1";"N";""
"26900";"";"C";"0";"73";"0";"";"LODI";"14";"2";"R.D";"LO";"CLIENTE 44";"0";"0";"1";"9"
"26900";"";"F";"0";"233";"0";"";"LODI";"40";"1";"RD6";"LO";"A.F.LOGISTICS SPA";"0";"1";"N";""
"26900";"ECO";"C";"0";"34";"0";"EC";"LODI";"13";"2";"P";"LO";"CLIENTE 17";"0";"0";"2";"9"
"27010";"";"F";"0";"75";"0";"";"SIZIANO";"40";"1";"R.D";"PV";"CONSORZIO EUROPA";"0";"1";"N";""
"27010";"DOOSI";"C";"0";"13";"0";"15";"SIZIANO";"14";"1";"RD3";"PV";"CONSORZIO EUROPA S.C.P.A";"0";"0";"1";"9"
"27043";"";"F";"0";"620";"0";"";"BRONI";"40";"4";"";"PV";"M.HOTEL DON CARLO HDMC A 21";"0";"1";"N";""
"28012";"";"F";"0";"596";"0";"";"CRESSA";"40";"2";"R.D";"NO";"NORMA GIAMPANI";"0";"1";"N";""
"28015";"";"F";"0";"519";"0";"";"MOMO";"40";"1";"R.D";"NO";"ARTIC SERVICE SRL IN LIQUIDAZ.";"0";"1";"N";""
"28060";"";"F";"0";"420";"0";"";"CASALINO";"40";"1";"RD3";"NO";"MARIO COSTA SPA";"0";"1";"N";""
"28100";"";"F";"0";"221";"0";"";"NOVARA";"40";"1";"RD3";"NO";"CONSORZIO PER LA TUTELA DEL";"0";"1";"N";""
"28100";"";"F";"0";"511";"0";"";"NOVARA";"40";"1";"RB3";"NO";"BIOS LABORATORI SRL";"0";"1";"N";""
"28100";"";"F";"0";"520";"0";"";"NOVARA";"40";"1";"R.D";"NO";"NUOVA SIDAP SRL";"0";"1";"N";""
"28100";"";"F";"0";"64";"0";"";"NOVARA";"40";"1";"R.D";"NO";"AUTOGRILL SPA";"0";"1";"N";""
"28140";"";"F";"0";"566";"0";"";"NOVARA";"40";"1";"R.D";"NO";"NUOVA SIDAP SRL";"0";"1";"N";""
"29010";"";"F";"0";"587";"0";"";"ALSENO";"40";"1";"R.D";"PC";"EL.MA SRL";"0";"1";"N";""
"29202";"";"F";"0";"507";"0";"";"VIGOLZONE";"40";"1";"R.D";"PC";"AZ.AGR UCCELLAIA";"0";"1";"N";""
"30020";"";"F";"0";"267";"0";"";"QUARTO D'ALTINO";"40";"1";"R.D";"VE";"PIXARTPRINTING SPA";"0";"1";"N";""
"30174";"";"F";"0";"470";"0";"";"VENEZIA";"40";"1";"R.D";"VE";"COIN SPA";"0";"1";"N";""
"31021";"";"F";"0";"57";"0";"";"MOGLIANO VENETO";"40";"1";"R.D";"TV";"GENERALI ITALIA SPA";"0";"1";"N";""
"31023";"";"F";"0";"495";"0";"";"RESANA";"40";"1";"RD3";"TV";"CHELAB SRL";"0";"1";"N";""
"31030";"";"F";"0";"263";"0";"";"BORSO DEL GRAPPA";"40";"1";"RS3";"TV";"TONIOLO CASEARIA SPA";"0";"1";"N";""
"31031";"";"F";"0";"460";"0";"";"CAERANO DI SAN MARCO";"40";"1";"RD6";"TV";"FRESCOLAT SRL";"0";"1";"N";""
"31033";"";"F";"0";"238";"0";"";"CASTELFRANCO VENETO";"40";"1";"R.D";"TV";"FIOR SRL";"0";"1";"N";""
"31039";"";"F";"0";"578";"0";"";"RIESE PIO X";"40";"1";"RD3";"TV";"SOLIDATA SRL";"0";"1";"N";""
"31040";"";"F";"0";"590";"0";"";"GIAVERA DEL MONTELLO";"40";"1";"RD3";"TV";"LATTERIA MONTELLO SPA";"0";"1";"N";""
"31046";"";"F";"0";"560";"0";"";"ODERZO";"40";"1";"RD3";"TV";"LIFEANALYTICS SRL";"0";"1";"N";""
"32034";"";"F";"0";"239";"0";"";"PEDAVENA";"40";"1";"R.D";"BL";"LA BIRRERIA SRL";"0";"1";"N";""
"33170";"";"F";"0";"408";"0";"";"PORDENONE";"40";"1";"RBB";"PN";"ELETTROLUX PROFESSIONAL SPA";"0";"1";"N";""
"33300";"DIS";"C";"0";"9";"41";"56";"BORDEAUX";"14";"4";"R3D";"FR";"ITALDIRECT SARL";"0";"0";"1";"21"
"34070";"";"F";"0";"313";"0";"";"VILLESSE";"40";"1";"R3S";"GO";"LATTERIA MONTANARI SRL";"0";"1";"N";""
"34123";"";"F";"0";"169";"0";"";"TRIESTE";"40";"1";"R.D";"TS";"ALLIANZ SPA";"0";"1";"N";""
"3475";"DIS";"C";"0";"149";"8";"90";"SAETRE-NORWAY";"14";"3";"R3D";"NO";"SMAK av ITALIA AS";"0";"0";"2";"30"
"35010";"";"F";"0";"512";"0";"";"LIMENA";"40";"1";"R.D";"PD";"TECTRONIK SRL";"0";"1";"N";""
"35026";"";"F";"0";"315";"0";"";"CONSELVE";"40";"1";"RD3";"PD";"EPTA NORD SRL";"0";"1";"N";""
"35027";"ECO";"C";"0";"31";"0";"EC";"NOVENTA PADOVANA";"13";"2";"P";"PD";"CLIENTE 45";"0";"0";"2";"9"
"35030";"";"F";"0";"442";"0";"";"VEGGIANO";"40";"1";"R.D";"PD";"C.e M.FOOD SRL";"0";"1";"N";""
"35040";"";"F";"0";"557";"0";"";"SANT-URBANO";"40";"2";"RD3";"PD";"CASEIFICIO 2000 DI PASQUI ELIA";"0";"1";"N";""
"35100";"";"F";"0";"522";"0";"";"PADOVA";"40";"1";"RD3";"PD";"IFIN SISTEMI SRL";"0";"1";"N";""
"35127";"";"F";"0";"598";"0";"";"PADOVA";"40";"1";"RD3";"PD";"FAVERO ANTONIO SRL";"0";"1";"N";""
"35129";"";"F";"0";"20";"0";"";"PADOVA";"40";"1";"RB3";"PD";"NIMS s.p.a.";"0";"1";"N";""
"36016";"";"F";"0";"219";"0";"";"THIENE";"40";"1";"R.D";"VI";"CSQA CERTIFICAZIONI SRL";"0";"1";"N";""
"36040";"";"F";"0";"604";"0";"";"ORGIANO";"40";"1";"RD3";"VI";"FRIGORGIANO SRL";"0";"1";"N";""
"36047";"";"F";"0";"327";"0";"";"MONTEGALDA";"40";"1";"R.D";"VI";"TRATTORIA CULATA SNC DI MELOSU";"0";"1";"N";""
"36050";"";"F";"0";"28";"0";"";"MONTEVIALE";"40";"1";"RBB";"VI";"SOSTER s.r.l.";"0";"1";"N";""
"36071";"";"F";"0";"600";"0";"";"ARZIGNANO";"40";"1";"R.D";"VI";"LINEA FLESH SRL";"0";"1";"N";""
"36100";"ECO";"C";"0";"38";"0";"EC";"VICENZA";"13";"2";"P";"VI";"CLIENTE 18";"0";"0";"1";"20"
"37030";"";"F";"0";"62";"0";"";"VESTEVANOVA";"40";"1";"R6D";"VR";"CASEIFICIO ELDA SRL";"0";"1";"N";""
"37036";"DSCEU";"C";"0";"111";"0";"69";"SAN MARTINO BUON ALBERGO";"14";"1";"RD3";"VR";"EUROSPIN ITALIA SPA";"0";"0";"2";"16"
"37036";"DSCEU";"C";"0";"112";"0";"69";"SAN MARTINO BUON ALBERGO";"14";"1";"RD3";"VR";"SPESA INTELLIGENTE SPA";"0";"0";"2";"14"
"37040";"";"F";"0";"357";"0";"";"ARCOLE";"40";"1";"R.D";"VR";"TWISTER FOOD SRL";"0";"1";"N";""
"37040";"";"F";"0";"609";"0";"";"ARCOLE";"40";"1";"RD3";"VR";"LIDL ITALIA SRL A SOCIO UNICO";"0";"1";"N";""
"37040";"DSC";"C";"0";"97";"0";"60";"ARCOLE";"14";"1";"RD3";"VR";"LIDL ITALIA SRL";"0";"0";"2";"16"
"37050";"";"F";"0";"550";"0";"";"BELFIORE";"40";"1";"R.D";"VR";"MAXI DI SRL";"0";"1";"N";""
"37050";"DSC";"C";"0";"151";"0";"91";"BELFIORE";"14";"1";"RD6";"VR";"MAXI DI SRL";"0";"0";"2";"20"
"37058";"";"F";"0";"202";"0";"";"SANGUINETTO";"40";"1";"R3S";"VR";"BORIN SRL";"0";"1";"N";""
"37060";"";"F";"0";"277";"0";"";"NOGAROLE ROCCA";"40";"1";"R.D";"VR";"SVAT SPA";"0";"1";"N";""
"37060";"";"F";"0";"501";"0";"";"NOGAROLE ROCCA";"40";"1";"RB3";"VR";"STEF NOGAROLE SRL";"0";"1";"N";""
"37134";"";"F";"0";"203";"0";"";"VERONA";"40";"1";"R.D";"VR";"NEW FOOD SAS DI M.MAGARAGGIA &";"0";"1";"N";""
"37135";"";"F";"0";"392";"0";"";"VERONA";"40";"1";"R.D";"VR";"D.A.S.DIFESA AUTOMOBILISTICA";"0";"1";"N";""
"37137";"";"F";"0";"433";"0";"";"VERONA";"40";"2";"R.D";"VR";"PIERLUIGI ZANOLLI";"0";"1";"N";""
"38010";"";"F";"0";"303";"0";"";"FAI DELLA PAGANELLA";"40";"1";"R.D";"TN";"HOTEL PAGANELLA SNC DI";"0";"1";"N";""
"38033";"";"F";"0";"224";"0";"";"CAVALESE";"40";"2";"R.D";"TN";"BONINSEGNA ANDREA";"0";"1";"N";""
"39040";"";"F";"0";"329";"0";"";"ORA";"40";"1";"R.D";"BZ";"TSCHURTSCH SAS DI PICHLER";"0";"1";"N";""
"39040";"";"F";"0";"455";"0";"";"ORA";"40";"1";"R.D";"BZ";"TROTEC INTERNATIONAL GMBH-SAS";"0";"1";"N";""
"39044";"";"F";"0";"105";"0";"";"EGNA";"40";"1";"";"BZ";"WURTH SRL";"0";"1";"N";""
"39100";"";"F";"0";"225";"0";"";"BOLZANO";"40";"1";"R.D";"BZ";"NAGEL ITALIA SRL";"0";"1";"N";""
"39100";"";"F";"0";"284";"0";"";"BOLZANO";"40";"1";"R.D";"BZ";"EUROPCAR ITALIA SPA";"0";"1";"N";""
"39100";"";"F";"0";"328";"0";"";"BOLZANO";"40";"1";"R.D";"BZ";"ASPIAG SERVICE SRL";"0";"1";"N";""
"39100";"";"F";"0";"572";"0";"";"BOLZANO";"40";"1";"R.D";"BZ";"ALDI SRL";"0";"1";"N";""
"39100";"DSC";"C";"0";"131";"0";"81";"BOLZANO";"14";"1";"RD3";"BZ";"ALDI SRL COD.09717";"0";"0";"2";"9"
"39100";"GDODE";"C";"0";"80";"0";"46";"BOLZANO";"14";"1";"RD3";"BZ";"ASPIAG SERVICES SRL";"0";"0";"2";"20"
"40013";"";"F";"0";"251";"0";"";"CASTEL MAGGIORE";"40";"1";"R.D";"BO";"MULTI3 SRL";"0";"1";"N";""
"40050";"ECO";"C";"0";"3";"0";"EC";"CALDERINO";"13";"2";"P";"BO";"CLIENTE 19";"0";"0";"2";"5"
"40052";"ECO";"C";"0";"4";"0";"EC";"MOLINELLA";"13";"2";"P";"BO";"CLIENTE 20";"0";"0";"2";"5"
"40122";"";"F";"0";"114";"0";"";"BOLOGNA";"40";"1";"RD3";"BO";"O.S.CARD SRL";"0";"1";"N";""
"40128";"";"F";"0";"389";"0";"";"BOLOGNA";"40";"1";"R.D";"BO";"BOLOGNA e FIERA PARKING SPA";"0";"1";"N";""
"40138";"";"F";"0";"513";"0";"";"BOLOGNA";"40";"1";"RD3";"BO";"SOC.PUBBILICITA' EDITORIALE E";"0";"1";"N";""
"41012";"";"F";"0";"204";"0";"";"CARPI";"40";"1";"R.D";"MO";"CAMAR ELETTRONICA SRL";"0";"1";"N";""
"41014";"";"F";"0";"111";"0";"";"CASTELVETRO DI MODENA";"40";"1";"R.D";"MO";"CHEF EXPRESS SPA";"0";"1";"N";""
"41014";"";"F";"0";"33";"0";"";"SETTECANI DI CASTELVETRO";"40";"1";"RD3";"MO";"SIMONINI SPA";"0";"1";"N";""
"41017";"";"F";"0";"246";"0";"";"RAVARINO";"40";"1";"R3S";"MO";"SILAND SRL";"0";"1";"N";""
"41017";"";"F";"0";"363";"0";"";"RAVARINO";"40";"1";"RB3";"MO";"PRODOTTI TECNICHE MODERNE SRL";"0";"1";"N";""
"41030";"";"F";"0";"189";"0";"";"BOMPORTO";"40";"1";"RD3";"MO";"TECNAFOOD SRL";"0";"1";"N";""
"41036";"";"F";"0";"580";"0";"";"MEDOLLA";"40";"1";"RD3";"MO";"MENU' SRL";"0";"0";"N";""
"41100";"";"F";"0";"196";"0";"";"MODENA";"40";"2";"R.D";"MO";"CERTIFOOD DI MARCO IAZZI";"0";"1";"N";""
"41122";"";"F";"0";"471";"0";"";"MODENA";"40";"1";"R3S";"MO";"PARMAGGIOREGGIO SPA";"0";"1";"N";""
"41126";"";"F";"0";"201";"0";"";"MODENA";"40";"1";"R3S";"MO";"NEOTRON SPA";"0";"1";"N";""
"41126";"";"F";"0";"341";"0";"";"PORTILE DI MODENA";"40";"1";"RD3";"MO";"GIOVETTI RENZO SRL";"0";"1";"N";""
"41126";"";"F";"0";"354";"0";"";"MODENA";"40";"1";"RB3";"MO";"NEOTRON SPA";"0";"1";"N";""
"42016";"";"F";"0";"401";"0";"";"GUASTALLA";"40";"1";"R.D";"RE";"TUTTO PER L'IMBALLO SPA";"0";"1";"N";""
"42019";"";"F";"0";"153";"0";"";"ARCETO";"40";"1";"RD6";"RE";"STEFANINI E F.LLI SNC DI";"0";"1";"N";""
"42024";"";"F";"0";"503";"0";"";"CASTELNOVO DI SOTTO";"40";"1";"RD3";"RE";"EUROFINS PIVETTI SRL";"0";"1";"N";""
"42027";"";"F";"0";"362";"0";"";"MONTECCHIO EMILIA";"40";"1";"RB3";"RE";"IL NUOVO FRESCO SRL";"0";"1";"N";""
"42049";"";"F";"0";"487";"0";"";"SANT'ILARIO D'ENZA";"40";"1";"R6D";"RE";"DALTER ALIMENTARI SRL";"0";"1";"N";""
"42122";"";"F";"0";"528";"0";"";"REGGIO NELL'EMILIA";"40";"1";"RD3";"RE";"COOPSERVICE S.COOP.P.A";"0";"1";"N";""
"42124";"";"F";"0";"260";"0";"";"SESSO";"40";"1";"RD3";"RE";"D.M.CONFEZIONI SNC DI GABBI";"0";"1";"N";""
"42124";"";"F";"0";"387";"0";"";"REGGIO NELL'EMILIA";"40";"1";"RD3";"RE";"I.T.ALI SRL";"0";"1";"N";""
"42124";"";"F";"0";"422";"0";"";"REGGIO NELL'EMILIA";"40";"1";"R.D";"RE";"REIRE SRL";"0";"1";"N";""
"42124";"";"F";"0";"452";"0";"";"REGGIO NELL'EMILIA";"40";"1";"RD3";"RE";"CONSORZIO DEL FORMAGGIO";"0";"1";"N";""
"43014";"";"F";"0";"220";"0";"";"FELEGARA";"40";"1";"R.D";"PR";"FIPAL SRL";"0";"1";"N";""
"43030";"";"F";"0";"584";"0";"";"BASILICANOVA";"40";"1";"RB3";"PR";"SALUMIFICIO TRASCINELLI P.SRL";"0";"1";"N";""
"43036";"";"F";"0";"252";"0";"";"FIDENZA";"40";"1";"R.D";"PR";"ERREGI SRL";"0";"1";"N";""
"43036";"";"F";"0";"295";"0";"";"FIDENZA";"40";"1";"R.D";"PR";"PARMAMENU' SRL";"0";"1";"N";""
"43039";"";"F";"0";"253";"0";"";"SALSOMAGGIORE TERME";"40";"1";"R.D";"PR";"ARBUSTI TIZIANA E GIUSEPPE SNC";"0";"1";"N";""
"43039";"";"F";"0";"268";"0";"";"SALSOMAGGIORE TERME";"40";"1";"R.D";"PR";"LA PORCHETTA SRL";"0";"1";"N";""
"43039";"";"F";"0";"269";"0";"";"SALSOMAGGIORE TERME";"40";"1";"R.D";"PR";"GLOBAL TOURS SRL";"0";"1";"N";""
"43039";"";"F";"0";"270";"0";"";"SALSOMAGGIORE TERME";"40";"2";"R.D";"PR";"TRATTORIA LA FRASCA DI";"0";"1";"N";""
"43039";"";"F";"0";"343";"0";"";"SALSOMAGGIORE TERME";"40";"1";"R.D";"PR";"ANTICO BORGO DI TREBBIANO";"0";"1";"N";""
"43058";"";"F";"0";"167";"0";"";"SORBOLO";"40";"1";"R.D";"PR";"IFSA SRL";"0";"1";"N";""
"43058";"";"F";"0";"279";"0";"";"SORBOLO";"40";"1";"RD3";"PR";"GELATI SRL";"0";"1";"N";""
"43058";"";"F";"0";"377";"0";"";"SORBOLO";"40";"1";"RB3";"PR";"GRUPPO GELATI SRL";"0";"1";"N";""
"43058";"";"F";"0";"427";"0";"";"SORBOLO";"40";"2";"R.D";"PR";"BERCIGA FERNANDO";"0";"1";"N";""
"43121";"";"F";"0";"537";"0";"";"PARMA";"40";"1";"RD3";"PR";"ITALPAST SRL";"0";"1";"N";""
"43121";"";"F";"0";"612";"0";"";"PARMA";"40";"1";"R.D";"PR";"MULTIPLO SRL";"0";"1";"N";""
"43121";"";"F";"0";"613";"0";"";"PARMA";"40";"1";"R.D";"PR";"GUSTO SNC DI GIOVANNA BRUGNOLI";"0";"1";"N";""
"43121";"";"F";"0";"621";"0";"";"PARMA";"40";"1";"";"PR";"FOOD SRL";"0";"1";"N";""
"43122";"";"C";"0";"43";"0";"";"SAN PROSPERO PARMENSE";"14";"1";"R.D";"PR";"STEF ITALIA SPA";"0";"0";"2";"5"
"43122";"";"F";"0";"183";"0";"";"PARMA";"40";"1";"RB3";"PR";"STEF INTERNATIONAL ITALIA SRL";"0";"0";"N";""
"43122";"";"F";"0";"38";"0";"";"SAN PROSPERO PARMENSE";"40";"1";"RB3";"PR";"STEF ITALIA SPA";"0";"1";"N";""
"43123";"";"F";"0";"542";"0";"";"PARMA";"40";"1";"R.D";"PR";"AI DUE PLATANI SRL";"0";"1";"N";""
"43126";"";"F";"0";"547";"0";"";"PARMA";"40";"1";"R.D";"PR";"HOTEL DANIEL RIST.COCCHI SRL";"0";"1";"N";""
"43126";"";"F";"0";"592";"0";"";"PARMA";"40";"1";"R.D";"PR";"FIERE DI PARMA";"0";"1";"N";""
"44042";"";"F";"0";"614";"0";"";"CENTO";"40";"1";"R.D";"FE";"EASY TECH SAS";"0";"1";"N";""
"44121";"";"F";"0";"454";"0";"";"FERRARA";"40";"2";"RD3";"FE";"NICOLA GUIDOBONI";"0";"1";"N";""
"44799";"";"C";"0";"119";"0";"";"BOCHUM";"14";"4";"R.D";"DE";"G DATA CYBERDEFENSE SG";"0";"0";"1";""
"44799";"";"F";"0";"434";"0";"";"BOCHUM";"40";"4";"R.D";"DE";"G DATA CYBERDEFENSE AG";"0";"1";"N";""
"45030";"";"F";"0";"480";"0";"";"SAN MARTINO DI VENEZZE";"40";"1";"RD3";"RO";"CARLO CRIVELLIN SRL";"0";"1";"N";""
"45031";"";"F";"0";"168";"0";"";"ARQUA' POLESINE";"40";"1";"RB6";"RO";"R.G.M.SRL";"0";"1";"N";""
"45100";"";"F";"0";"10";"0";"";"ROVIGO";"40";"1";"R3D";"RO";"GRANDI MOLINI ITALIANI SPA";"0";"1";"N";""
"46014";"";"F";"0";"98";"0";"";"CASTELLUCCHIO";"40";"1";"3RD";"MN";"LEVONI S.p.A";"0";"1";"N";""
"46035";"";"F";"0";"450";"0";"";"OSTIGLIA";"40";"2";"R.D";"MN";"ELLA DI ELSA CUGOLA";"0";"1";"N";""
"46035";"";"F";"0";"523";"0";"";"OSTIGLIA";"40";"1";"R.D";"MN";"ELLA SRL";"0";"1";"N";""
"46045";"";"F";"0";"575";"0";"";"MARENGO DI MARMIROLO";"40";"1";"RD3";"MN";"NOVELLINI FOOD SRL";"0";"1";"N";""
"46100";"";"F";"0";"297";"0";"";"MANTOVA";"40";"1";"R.D";"MN";"APCOA PARKING ITALIA SPA";"0";"1";"N";""
"47018";"";"F";"0";"603";"0";"";"SANTA SOFIA";"40";"1";"RD3";"FC";"BIO ITALY SERVICE SRL";"0";"1";"N";""
"47020";"";"F";"0";"491";"0";"";"ROCCOFREDDO";"40";"1";"RD3";"FC";"SOC.AGR.GUIDI DI RONCOFREDDO";"0";"1";"N";""
"47023";"";"F";"0";"173";"0";"";"CESENA";"40";"1";"RB3";"FC";"IRIDE CONSULTING SRL";"0";"1";"N";""
"47035";"";"C";"0";"105";"0";"";"GAMBETTOLA";"14";"1";"R.D";"FC";"MAESTRI PINO S.R.L.";"0";"0";"1";""
"47043";"";"F";"0";"597";"0";"";"GATTEO A MARE";"40";"1";"R.D";"FC";"COMCART SRL";"0";"1";"N";""
"47121";"";"F";"0";"510";"0";"";"REGGIO EMILIA";"40";"1";"RD3";"RE";"PR ITALIA SRLS";"0";"1";"N";""
"47122";"";"F";"0";"141";"0";"";"FORLI'";"40";"1";"RB3";"FC";"AGRIFLEX SRL";"0";"1";"N";""
"47521";"";"C";"4";"59";"0";"33";"CESENA";"14";"1";"RD3";"FC";"ROMAGNA MARKET SAS";"0";"0";"2";"5"
"47522";"";"C";"4";"60";"0";"34";"CALABRINA DI CESENA";"14";"1";"RD3";"FC";"SUPERMERCATO QUATTRO B SNC DI";"0";"0";"2";"5"
"47522";"";"F";"0";"35";"0";"";"CESENA";"40";"1";"RD3";"FC";"OROGEL S.P.A. CONSORTILE";"0";"1";"N";""
"47522";"";"F";"0";"74";"0";"";"CESENA";"40";"2";"RB3";"FO";"MAGNOLIA CONSULTING DI";"0";"1";"N";""
"47522";"";"F";"0";"95";"0";"";"CESENA";"40";"1";"R.D";"FC";"ACQUAFRESCA TOSCANA SRL";"0";"1";"N";""
"47838";"";"F";"0";"116";"0";"";"RICCIONE";"40";"1";"R.D";"RN";"FOOD & WINE PROJECT";"0";"1";"N";""
"48010";"";"F";"0";"5";"0";"";"COTIGNOLA";"40";"1";"RB3";"RA";"VULCAFLEX PACKAGING S.R.L.";"0";"1";"N";""
"48012";"";"F";"0";"243";"0";"";"BAGNACAVALLO";"40";"1";"RD3";"RA";"COMPAGNIA ITALIANA ALIMENTI";"0";"1";"N";""
"48022";"";"F";"0";"166";"0";"";"LUGO";"40";"1";"R.D";"RA";"TRADUCO SRL";"0";"1";"N";""
"48022";"";"F";"0";"241";"0";"";"S.M.IN FABRIAGO LUGO";"40";"1";"RD3";"RA";"EUROVO SRL";"0";"1";"N";""
"50011";"";"F";"0";"23";"0";"";"BIBBIENA";"40";"1";"RB6";"AR";"TPC GROUP S.R.L.";"0";"1";"N";""
"50013";"";"F";"0";"595";"0";"";"CAMPI BISENZIO";"40";"2";"RD3";"FI";"NESTERINI FEDERICO";"0";"1";"N";""
"50018";"";"F";"0";"18";"0";"";"SCANDICCI";"40";"1";"RBB";"FI";"ETICHETTIFICIO L.P. s.a.s.";"0";"1";"N";""
"50018";"";"F";"0";"359";"0";"";"SCANDICCI";"40";"1";"RBB";"FI";"INCHIP SRL";"0";"1";"N";""
"50018";"";"F";"0";"385";"0";"";"SCANDICCI";"40";"2";"R.D";"FI";"MASINI LEONARDO";"0";"1";"N";""
"50018";"ECO";"C";"0";"13";"0";"EC";"SCANDICCI";"13";"2";"P";"FI";"CLIENTE 21";"0";"0";"2";"16"
"50019";"";"F";"0";"366";"0";"";"SESTO FIORENTINO";"40";"1";"RD3";"FI";"OPSON SRL";"0";"1";"N";""
"50019";"";"F";"0";"431";"0";"";"SESTO FIORENTINO";"40";"1";"RD3";"FI";"OPSON SRL";"0";"1";"N";""
"50021";"";"F";"0";"421";"0";"";"BARBERINO VAL D'ELSA";"40";"1";"3RD";"FI";"FLEXO ETICHETTE SRL";"0";"1";"N";""
"50022";"";"F";"0";"509";"0";"";"PANZANO IN CHAINTI-GREVE";"40";"1";"RD3";"FI";"AZIENDA OLEARIA DEL CHIANTI";"0";"1";"N";""
"50023";"";"F";"0";"185";"0";"";"IMPRUNETA";"40";"2";"R.D";"FI";"OSTERIA LA PORTA DEL CHIANTI";"0";"1";"N";""
"50028";"";"C";"0";"99";"0";"";"TAVARNELLE VAL DI PESA";"14";"1";"R.D";"FI";"CENTRO RISTORO VALDIPESA SRL";"0";"0";"2";"16"
"50028";"";"F";"0";"361";"0";"";"TAVARNELLE VAL DI PESA";"40";"1";"RD6";"FI";"CENTRO RISTORO VALDIPESA SRL";"0";"1";"N";""
"50032";"";"C";"0";"133";"0";"";"BORGO SAN LORENZO";"14";"1";"R.D";"FI";"CASSIGOLI ANDREA SAS";"0";"0";"2";"16"
"50032";"";"F";"0";"331";"0";"";"BORGO SAN LORENZO";"40";"2";"RD3";"FI";"SAURO CRESCIOLI";"0";"1";"N";""
"50032";"";"F";"0";"344";"0";"";"BORGO SAN LORENZO";"40";"1";"RD3";"FI";"CASSIGOLI ANDREA & C.SAS";"0";"1";"N";""
"50032";"";"F";"0";"539";"0";"";"BORGO SAN LORENZO";"40";"2";"R.D";"FI";"CRESCIOLI SAURO";"0";"1";"N";""
"50032";"";"F";"0";"558";"0";"";"BORGO SAN LORENZO";"40";"2";"";"FI";"CAMILLA CRESCIOLI";"0";"1";"N";""
"50038";"";"F";"0";"340";"0";"";"SCARPERIA SAN PIERO A S.";"40";"1";"RD3";"FI";"STORICA FATTORIA PALAGIACCIO";"0";"1";"N";""
"50038";"DIS";"C";"0";"94";"0";"53";"SCARPERIA SAN PIERO SIEVE";"14";"1";"RD6";"FI";"STORICA FATTORIA PALAGIACCIO";"0";"0";"1";"16"
"50041";"";"F";"0";"205";"0";"";"CALENZANO";"40";"1";"R3S";"FI";"MOLINO BORGIOLI s.p.a";"0";"1";"N";""
"50041";"";"F";"0";"283";"0";"";"CALENZANO";"40";"1";"R.D";"FI";"RIST.IL PORTICO SRL";"0";"1";"N";""
"50041";"";"F";"0";"318";"0";"";"CALENZANO";"40";"2";"R.D";"FI";"BOCCA BONA SRL";"0";"1";"N";""
"50041";"";"F";"0";"405";"0";"";"CALENZANO";"40";"1";"RB3";"FI";"SOTEA SISTEM SRL";"0";"1";"N";""
"50041";"";"F";"0";"500";"0";"";"CALENZANO";"40";"1";"R.D";"FI";"NENCINI SPORT SPA";"0";"1";"N";""
"50047";"DET";"C";"0";"83";"0";"49";"PRATO";"14";"1";"R.D";"PO";"FCM FOOD & BEVERAGE SRL";"0";"0";"2";"16"
"50047";"";"F";"0";"41";"0";"";"PRATO";"40";"1";"";"PO";"E.S.TR.A Elettricita' S.P.A";"0";"1";"N";""
"50050";"";"F";"0";"426";"0";"";"MONTAIONEUIDI";"40";"1";"RD3";"FI";"CASANOVA TOSCANA FOOD SRL";"0";"1";"N";""
"50050";"";"F";"0";"453";"0";"";"MONTAIONE";"40";"1";"RBB";"FI";"ITALCONF SRL";"0";"1";"N";""
"50050";"";"F";"0";"573";"0";"";"CAPRAIA E LIMITE";"40";"1";"R.D";"FI";"GUSTI TOSCANI gluten free Srl";"0";"1";"N";""
"50051";"";"F";"0";"136";"0";"";"CASTELFIORENTINO";"40";"1";"RD3";"FI";"CALUGI SRL";"0";"1";"N";""
"50051";"";"F";"0";"96";"0";"";"EMPOLI";"40";"1";"RB3";"FI";"PASTIFICIO MONTI FRANCESCO srl";"0";"1";"N";""
"50053";"";"F";"0";"14";"0";"";"EMPOLI";"40";"1";"RB3";"FI";"IMBALLPLAST s.r.l.u.";"0";"1";"N";""
"50053";"";"F";"0";"382";"0";"";"EMPOLI";"40";"1";"RB6";"FI";"IMBALLPLAST GROUP SRL";"0";"1";"N";""
"50055";"";"F";"0";"482";"0";"";"LASTRA A SIGNA";"40";"1";"R.D";"FI";"GRG SRL";"0";"1";"N";""
"50059";"";"F";"0";"209";"0";"";"VINCI";"40";"1";"RBB";"FI";"ROTOCEL BROKERS SRL";"0";"1";"N";""
"50059";"";"F";"0";"403";"0";"";"VINCI";"40";"1";"RBB";"FI";"COSMOPACK SRL";"0";"1";"N";""
"50062";"";"F";"0";"479";"0";"";"DICOMANO";"40";"1";"R.D";"FI";"C.A.T. TELECOMUNICAZIONI SRL";"0";"1";"N";""
"50062";"";"F";"0";"488";"0";"";"DICOMANO";"40";"1";"R.D";"FI";"RIST.SERGIO SNC DI NALDONI GeC";"0";"1";"N";""
"50062";"";"F";"0";"546";"0";"";"DICOMANO";"40";"2";"R.D";"FI";"MASSIMO RAVICIOLI";"0";"1";"N";""
"50063";"";"C";"0";"12";"0";"32";"FIGLINE VALDARNO";"14";"1";"RD3";"FI";"F.LLI RIGHI SRL";"0";"0";"1";"9"
"50063";"";"F";"0";"424";"0";"";"FIGLINE VALDARNO";"40";"1";"RD3";"FI";"LA LOGGIA SPORT SRL";"0";"1";"N";""
"50063";"";"F";"0";"551";"0";"";"FIGLINE VALDARNO";"40";"1";"RB3";"FI";"LA FENICE BUSINNES SOLUTION";"0";"1";"N";""
"50063";"ECO";"C";"0";"17";"0";"EC";"FIGLINE VALDARNO";"13";"2";"P";"FI";"CLIENTE 22";"0";"0";"2";"16"
"50065";"";"F";"0";"61";"0";"";"PONTASSIEVE";"40";"1";"RD3";"FI";"SALUMIFICIO GERINI SPA";"0";"1";"N";""
"50067";"";"F";"0";"265";"0";"";"RIGNANO SULL'ARNO";"40";"1";"RD6";"FI";"IL TRIANGOLO SRL";"0";"1";"N";""
"50067";"DET";"C";"0";"44";"0";"22";"RIGNANO SULL'ARNO";"14";"1";"CON";"FI";"STOPPIONI EDOARDO & MARCO SNC";"0";"0";"2";"16"
"50100";"";"F";"0";"459";"0";"";"FIRENZE";"40";"2";"RD3";"FI";"BELERIAN EMANUELA";"0";"1";"N";""
"50121";"";"F";"0";"162";"0";"";"FIRENZE";"40";"1";"R.D";"FI";"FIRENZE PARCHEGGI SPA";"0";"1";"N";""
"50121";"";"F";"0";"591";"0";"";"FIRENZE";"40";"1";"R.D";"FI";"SWEET LUNGARNO SRL";"0";"1";"N";""
"50121";"DOO";"C";"0";"137";"0";"63";"FIRENZE";"14";"1";"RD3";"FI";"CARTER SRL";"0";"0";"1";"1"
"50122";"";"F";"0";"184";"0";"";"FIRENZE";"40";"1";"R.D";"FI";"ELLEMME SRL";"0";"1";"N";""
"50122";"";"F";"0";"394";"0";"";"FIRENZE";"40";"1";"R.D";"FI";"PROMOZIONE FIRENZE AZIENDA";"0";"1";"N";""
"50125";"";"F";"0";"593";"0";"";"FIRENZE";"40";"1";"RB6";"FI";"DITTA ARTIGRAFICHE ESSEGI SNC";"0";"1";"N";""
"50126";"";"F";"0";"275";"0";"";"FIRENZE";"40";"2";"R.D";"FI";"VITTORIO FERRUZZI";"0";"1";"N";""
"50126";"";"F";"0";"413";"0";"";"FIRENZE";"40";"1";"R.D";"FI";"RO.GI SNC DI MARCO GINESTRONI";"0";"1";"N";""
"50126";"";"F";"0";"45";"0";"";"FIRENZE";"40";"1";"RD3";"FI";"FIRENZE SRL";"0";"1";"N";""
"50127";"";"C";"0";"163";"0";"";"FIRENZE";"14";"2";"R.D";"FI";"NORDIC BREEZE DI KHERY";"0";"0";"1";""
"50127";"";"F";"0";"232";"0";"";"FIRENZE";"40";"1";"R.D";"FI";"TOSCANA AEROPORTI SPA";"0";"1";"N";""
"50127";"";"F";"0";"581";"0";"";"FIRENZE";"40";"2";"R.D";"FI";"FRANCESCO PERINI";"0";"1";"N";""
"50127";"";"F";"0";"606";"0";"";"FIRENZE";"40";"2";"R.D";"FI";"NORDIC BREEZE DI KHEIRY";"0";"1";"N";""
"50127";"DET";"C";"0";"124";"0";"";"FIRENZE";"14";"2";"";"FI";"ASSOCIAZIONE BANCO ALIMENTARE";"0";"0";"1";""
"50129";"";"F";"0";"128";"0";"";"FIRENZE";"40";"1";"R.D";"FI";"UNICOOP FIRENZE";"0";"1";"N";""
"50129";"";"F";"0";"336";"0";"";"FIRENZE";"40";"1";"R.D";"FI";"GALEON SRL";"0";"1";"N";""
"50129";"GDO";"C";"0";"1";"0";"2";"FIRENZE";"14";"1";"RD3";"FI";"UNICOOP FIRENZE S.C.R.L.";"0";"0";"2";"16"
"50129";"GDOCO";"C";"0";"154";"0";"7";"FIRENZE";"14";"1";"RD3";"FI";"TERRE DI MEZZO SRL";"0";"0";"1";"16"
"50132";"";"F";"0";"323";"0";"";"FIRENZE";"40";"1";"R.D";"FI";"CHANGE TRAINING & CONSULTING";"0";"1";"N";""
"50132";"";"F";"0";"469";"0";"";"FIRENZE";"40";"1";"R.D";"FI";"TRIADE DI MAGRO FELICE & C SAS";"0";"1";"N";""
"50134";"";"C";"0";"74";"0";"";"FIRENZE";"14";"1";"R.D";"FI";"SEYTRADE SRL";"0";"0";"1";"16"
"50134";"ECO";"C";"0";"2";"0";"EC";"FIRENZE";"13";"2";"P";"FI";"CLIENTE 23";"0";"0";"2";"16"
"50135";"";"F";"0";"206";"0";"";"FIRENZE";"40";"1";"R.D";"FI";"TECNOENGINEERING SRL";"0";"1";"N";""
"50136";"";"F";"0";"429";"0";"";"FIRENZE";"40";"1";"R.D";"FI";"C.C.L.TOSCANA SOC.CONSORTILE";"0";"1";"N";""
"50136";"";"F";"0";"499";"0";"";"FIRENZE";"40";"1";"R.D";"FI";"ON COMPANY SRL";"0";"1";"N";""
"50136";"DET";"C";"0";"76";"0";"";"FIRENZE";"14";"1";"R.D";"FI";"CONFRATERNITA DI MISERICORDIA";"0";"0";"1";"16"
"50136";"ECO";"C";"0";"11";"0";"EC";"FIRENZE";"13";"2";"P";"FI";"CLIENTE 24";"0";"0";"2";"16"
"50141";"";"F";"0";"448";"0";"";"FIRENZE";"40";"1";"RD3";"FI";"COOP.FACCHINI CASTELLO S.C.P.A";"0";"1";"N";""
"50141";"";"F";"0";"47";"0";"";"FIRENZE";"40";"1";"R.D";"FI";"ETIFOIL GROUP SRL";"0";"1";"N";""
"50141";"ECO";"C";"0";"22";"0";"EC";"FIRENZE";"13";"2";"P";"FI";"CLIENTE 25";"0";"0";"2";"16"
"50142";"DET";"C";"0";"138";"0";"83";"FIRENZE";"14";"2";"R.D";"FI";"ANTICHI SAPORI DEL CASENTINO";"0";"0";"2";"16"
"50143";"";"F";"0";"360";"0";"";"FIRENZE";"40";"2";"R.D";"FI";"LEONARDO PELLI";"0";"1";"N";""
"50143";"ECO";"C";"0";"20";"0";"EC";"FIRENZE";"13";"2";"P";"FI";"CLIENTE 26";"0";"0";"2";"16"
"50143";"ECO";"C";"0";"7";"0";"EC";"FIRENZE";"13";"2";"P";"FI";"CLIENTE 27";"0";"0";"2";"16"
"50143";"ECO";"C";"0";"8";"0";"EC";"FIRENZE";"13";"2";"P";"FI";"CLIENTE 28";"0";"0";"2";"16"
"50144";"";"C";"0";"48";"0";"26";"FIRENZE";"14";"1";"R.D";"FI";"GASTRONOMIA LA META SNC DI";"0";"0";"2";"16"
"5060";"DIS";"C";"0";"160";"41";"97";"AUVELAIS-BELGIQUE";"14";"4";"R.D";"BE";"ITAL-GAMMA";"0";"0";"1";"25"
"51010";"";"F";"0";"103";"0";"";"MASSA E COZZILE";"40";"1";"3RD";"PT";"COMODA SERVICE SRL";"0";"1";"N";""
"51016";"";"F";"0";"31";"0";"";"MONTECATINI TERME";"40";"1";"R.D";"PT";"MISPACK SRLCR";"0";"1";"N";""
"51018";"";"F";"0";"231";"0";"";"PIEVE A NIEVOLE";"40";"1";"RB6";"PT";"CARTOTECNICA LARI SRL";"0";"1";"N";""
"51019";"";"F";"0";"416";"0";"";"PONTE BUGGIANESE";"40";"1";"RD3";"PT";"S.A.T.O.S SPA";"0";"1";"N";""
"51100";"";"F";"0";"154";"0";"";"PISTOIA";"40";"2";"R6D";"PT";"AZ.AGR.DEMETRA VERDURE COTTE";"0";"1";"N";""
"51100";"";"F";"0";"217";"0";"";"PISTOIA";"40";"1";"R.D";"PT";"RIST.MANZONI EUROPA'S SRL";"0";"1";"N";""
"51100";"";"F";"0";"436";"0";"";"PISTOIA";"40";"2";"R.D";"PT";"CONAD NORD OVEST SOC.COOP";"0";"1";"N";""
"51100";"";"F";"0";"553";"0";"";"PISTOIA";"40";"2";"RD3";"PT";"AZ.AGR.NANNI MARCO";"0";"1";"N";""
"51100";"";"F";"0";"78";"0";"";"PISTOIA";"40";"1";"R.D";"PT";"CONAD DEL TIRRENO SOC.COOPERAT";"0";"1";"N";""
"51100";"DOOCN";"C";"0";"109";"0";"12";"PISTOIA";"14";"1";"RD3";"PT";"CONAD NORD OVEST SOC.COOP";"0";"0";"2";"16"
"51100";"DOOCN";"C";"0";"15";"0";"12";"PISTOIA";"14";"1";"RD3";"PT";"CONAD DEL TIRRENO SOC. COOP";"3";"0";"2";"16"
"52010";"";"C";"0";"103";"0";"";"CHIUSI DELLA VERNA";"14";"1";"R.D";"AR";"AUTODEMOLIZIONE CORSALONE DI";"0";"0";"1";""
"52010";"";"C";"0";"70";"0";"";"TALLA";"14";"1";"R.D";"AR";"PRO LOCO GUIDO MONACO TALLA";"0";"0";"2";"16"
"52010";"";"F";"0";"11";"0";"";"PORRENA POPPI";"40";"1";"R.D";"AR";"LOCANDA IL COCODE'";"0";"1";"N";""
"52010";"";"F";"0";"124";"0";"";"SOCI";"40";"2";"R.D";"AR";"BERE E' DI TIZZANINI SAVERIO";"0";"1";"N";""
"52010";"";"F";"0";"125";"0";"";"SUBBIANO";"40";"1";"R3S";"AR";"T.E.S.I.SRL";"0";"1";"N";""
"52010";"";"F";"0";"143";"0";"";"SUBBIANO";"40";"2";"RD3";"AR";"DINI MARCO";"0";"1";"N";""
"52010";"";"F";"0";"187";"0";"";"SAN P.IN FRAS.ORTIGNANO R";"40";"1";"RD3";"AR";"GIORGI COSTRUZIONI SRL";"0";"1";"N";""
"52010";"";"F";"0";"21";"0";"";"SOCI";"40";"2";"R.D";"AR";"GE.TEL. DI BOSCHI BRUNO";"0";"1";"N";""
"52010";"";"F";"0";"226";"0";"";"SUBBIANO";"40";"1";"RD3";"AR";"ALFANEWS SRL";"0";"1";"N";""
"52010";"";"F";"0";"262";"0";"";"SOCI";"40";"2";"R.D";"AR";"LA VITE DI GHELLI CESARE";"0";"1";"N";""
"52010";"";"F";"0";"266";"0";"";"CHIUSI DELLA VERNA";"40";"1";"R.D";"AR";"ELLE EFFE BRICO SRL";"0";"1";"N";""
"52010";"";"F";"0";"274";"0";"";"SUBBIANO";"40";"1";"R.D";"AR";"MARINO FA MERCATO SPA";"0";"1";"N";""
"52010";"";"F";"0";"291";"0";"";"CAPOLONA";"40";"1";"R3S";"AR";"ETICHETTIFICIO ARETINO SRL";"0";"1";"N";""
"52010";"";"F";"0";"34";"0";"";"SOCI";"40";"1";"RB3";"AR";"CO.T.A.C. SCRL";"0";"1";"N";""
"52010";"";"F";"0";"37";"0";"";"CHIUSI DELLA VERNA";"40";"2";"RB3";"AR";"CONTI PATRIZIA";"0";"1";"N";""
"52010";"";"F";"0";"380";"0";"";"CHIUSI DELLA VERNA";"40";"1";"R.D";"AR";"AUTODEMOLIZIONE CORSALONE SNC";"0";"1";"N";""
"52010";"";"F";"0";"383";"0";"";"ORTIGNANO RAGGIOLO";"40";"1";"RD3";"AR";"PANIFICIO FATUCCHI ENIO DI";"0";"1";"N";""
"52010";"";"F";"0";"51";"0";"";"SOCI";"40";"1";"RB3";"AR";"AUTOFFICINA CANDOLESI SNC DI";"0";"1";"N";""
"52010";"DET";"C";"0";"88";"0";"";"CHIUSI DELLA VERNA";"14";"1";"R.D";"AR";"PRO-LOCO CORSALONE";"0";"0";"1";""
"52011";"";"C";"0";"108";"0";"";"SOCI-BIBBIENA";"14";"1";"R.D";"AR";"AUTOFFICINA CANDOLESI SNC DI";"0";"0";"1";""
"52011";"";"C";"0";"159";"0";"";"BIBBIENA";"14";"1";"RD3";"AR";"TPC GROUP SRL";"0";"0";"1";""
"52011";"";"C";"0";"57";"0";"26";"BIBBIENA";"14";"2";"R.D";"AR";"AL.TERROSSOLA DI ILIES MIHAELA";"0";"0";"2";"16"
"52011";"";"C";"4";"61";"0";"34";"SOCI-BIBBIENA";"14";"1";"RD3";"AR";"IL RE DELLA GOLA SRL S";"0";"0";"1";"5"
"52011";"";"F";"0";"107";"0";"";"BIBBIENA";"40";"2";"RB6";"AR";"METI.R DI ROSAI CARLO";"0";"1";"N";""
"52011";"";"F";"0";"112";"0";"";"BIBBIENA";"40";"2";"R.D";"AR";"ANDREA CERINI";"0";"1";"N";""
"52011";"";"F";"0";"140";"0";"";"BIBBIENA";"40";"1";"R.D";"AR";"ARUBA SPA";"0";"1";"N";""
"52011";"";"F";"0";"142";"0";"";"BIBBIENA";"40";"1";"RB3";"AR";"DEDALO PRINTING SNC";"0";"1";"N";""
"52011";"";"F";"0";"152";"0";"";"BIBBIENA";"40";"1";"R.D";"AR";"CHALET SRL";"0";"1";"N";""
"52011";"";"F";"0";"16";"0";"";"BIBBIENA";"40";"1";"RB6";"AR";"INGROSSO FERRAMENTA LODDI SRL";"0";"1";"N";""
"52011";"";"F";"0";"257";"0";"";"SOCI";"40";"2";"R.D";"AR";"LA BUCA DI NARDINI DOMENICO";"0";"1";"N";""
"52011";"";"F";"0";"335";"0";"";"SOCI-BIBBIENA";"40";"2";"RD3";"AR";"PAOLI AGRICOLTURA DI RENZETTI";"0";"1";"N";""
"52011";"";"F";"0";"375";"0";"";"BIBBIENA";"40";"1";"RD3";"AR";"M.G.DI MAGRINI GIUSEPPE SRL";"0";"1";"N";""
"52011";"";"F";"0";"396";"0";"";"BIBBIENA";"40";"1";"RD3";"AR";"EMPORIO AGRARIO SRL";"0";"1";"N";""
"52011";"";"F";"0";"406";"0";"";"BIBBIENA";"40";"1";"R.D";"AR";"TECNORICAMBI CASENTINO SRL";"0";"1";"N";""
"52011";"";"F";"0";"432";"0";"";"BIBBIENA";"40";"1";"RD3";"AR";"BERE E' SNC DI TIZZANINI S.E";"0";"1";"N";""
"52011";"";"F";"0";"505";"0";"";"BIBBIENA";"40";"1";"R.D";"AR";"EASYTRADING SRL";"0";"1";"N";""
"52011";"";"F";"0";"514";"0";"";"BIBBIENA";"40";"1";"R.D";"AR";"SCART IMBALLAGGI SRL";"0";"1";"N";""
"52011";"";"F";"0";"552";"0";"";"BIBBIENA";"40";"1";"RB3";"AR";"XXL SERVICE SRL";"0";"1";"N";""
"52011";"";"F";"0";"568";"0";"";"BIBBIENA";"40";"1";"RD3";"AR";"SBARBERI DI SBARBERI CARLO e";"0";"1";"N";""
"52011";"";"F";"0";"569";"0";"";"BIBBIENA";"40";"1";"RD3";"AR";"METI SNC DI ROSAI C.& C.";"0";"1";"N";""
"52011";"";"F";"0";"58";"0";"";"BIBBIENA";"40";"2";"R.D";"AR";"FORESTERIA CASENTINESE DI";"0";"1";"N";""
"52011";"";"F";"0";"59";"0";"";"BIBBIENA";"40";"1";"R.D";"AR";"TELEFONISSIMO SAS DI BARTOLINI";"0";"1";"N";""
"52011";"";"F";"0";"97";"0";"";"BIBBIENA";"40";"2";"3RD";"AR";"J.L. DI BARTOLOZZI DANIELE";"0";"1";"N";""
"52011";"DET";"C";"0";"136";"0";"82";"BIBBIENA";"14";"2";"RD3";"AR";"L'ISOLA DEI SAPORI DI";"0";"0";"1";"16"
"52012";"";"F";"0";"160";"0";"";"BIBBIENA";"40";"2";"R.D";"AR";"NOTAIO ZAZZARO MARCELLO";"0";"1";"N";""
"52012";"";"F";"0";"292";"0";"";"BIBBIENA";"40";"2";"RD3";"AR";"VIDEOTECNICA DI NORCINI";"0";"1";"N";""
"52012";"";"F";"0";"409";"0";"";"BIBBIENA";"40";"1";"R.D";"AR";"A.C.D.BIBBIENA";"0";"1";"N";""
"52012";"";"F";"0";"55";"0";"";"BIBBIENA STAZIONE";"40";"1";"RB3";"AR";"MENCUCCI SRL";"0";"1";"N";""
"52013";"";"F";"0";"466";"0";"";"PONTE A POPPI";"40";"2";"R.D";"AR";"AVV.MASSIMO MAZZI";"0";"1";"N";""
"52014";"DET";"C";"0";"102";"0";"";"CORTONA";"14";"1";"R.D";"AR";"PASTIFICIO SENESE SRL";"0";"0";"1";""
"52014";"";"C";"0";"29";"0";"";"LOC.PORRENA - POPPI";"14";"1";"R.D";"AR";"AUTOFFICINA CASENTINESE SRL";"0";"0";"2";"16"
"52014";"";"C";"0";"78";"0";"44";"POPPI";"14";"1";"RD3";"AR";"SPADI SRL";"0";"0";"1";"16"
"52014";"";"F";"0";"1";"0";"";"POPPI";"40";"1";"R3S";"AR";"LINA GIORGI SNC";"0";"1";"N";""
"52014";"";"F";"0";"119";"0";"";"POPPI";"40";"2";"R.D";"AR";"MERCANTE EUGENIO DOMENICO";"0";"1";"N";""
"52014";"";"F";"0";"126";"0";"";"POPPI";"40";"1";"R.D";"AR";"SUPERMERCATO FATUCCHI SAS";"0";"1";"N";""
"52014";"";"F";"0";"127";"0";"";"CORTONA";"40";"1";"R.D";"AR";"PASTA FRESCA ROSSI SAS";"0";"1";"N";""
"52014";"";"F";"0";"132";"0";"";"POPPI";"40";"1";"RB3";"AR";"F.M.AUTOSERVICE SNC";"0";"1";"N";""
"52014";"";"F";"0";"133";"0";"";"POPPI";"40";"2";"R.D";"AR";"ETRURIA DIGITALE DI SALVI";"0";"1";"N";""
"52014";"";"F";"0";"146";"0";"";"POPPI";"40";"2";"R.D";"AR";"FRANCIONI BRUNO DI FRANCIONI";"0";"1";"N";""
"52014";"";"F";"0";"164";"0";"";"POPPI";"40";"1";"RD3";"AR";"AZ.AGRICOLA LE PESCINE S.S. DI";"0";"1";"N";""
"52014";"";"F";"0";"165";"0";"";"POPPI";"40";"2";"RD3";"AR";"AZIENDA AGRIC. ORLANDI CLAUDIO";"0";"1";"N";""
"52014";"";"F";"0";"172";"0";"";"POPPI";"40";"2";"R.D";"AR";"RIST.ALBERGO LA TORRICELLA DI";"0";"1";"N";""
"52014";"";"F";"0";"174";"0";"";"POPPI";"40";"1";"R.D";"AR";"COMUNE DI POPPI";"0";"1";"N";""
"52014";"";"F";"0";"2";"0";"";"PONTE A POPPI";"40";"2";"3RD";"AR";"G & G GRAFICHE";"0";"1";"N";""
"52014";"";"F";"0";"227";"0";"";"POPPI";"40";"2";"R.D";"AR";"PICCOLO RISTORO DI CERTINI";"0";"1";"N";""
"52014";"";"F";"0";"24";"0";"";"POPPI";"40";"2";"";"AR";"PANE DOTT.FRANCESCO NOTAIO";"0";"1";"N";""
"52014";"";"F";"0";"242";"0";"";"PORRENA-POPPI";"40";"1";"RD3";"AR";"ACCIAI RINALDO SNC";"0";"1";"N";""
"52014";"";"F";"0";"249";"0";"";"POPPI";"40";"1";"R.D";"AR";"RISTORANTE CASENTINO DA BENITO";"0";"1";"N";""
"52014";"";"F";"0";"25";"0";"";"CORTONA";"40";"1";"3RD";"AR";"PASTA FRESCA ROSSI SRL";"0";"1";"N";""
"52014";"";"F";"0";"311";"0";"";"POPPI";"40";"1";"R.D";"AR";"CHARLIE SRLS";"0";"1";"N";""
"52014";"";"F";"0";"324";"0";"";"CORTONA";"40";"1";"R.D";"AR";"PASTIFICIO SENESE SRL";"0";"1";"N";""
"52014";"";"F";"0";"349";"0";"";"POPPI";"40";"1";"R.D";"AR";"LEVANTE DI VITELLOZZI D.&C SAS";"0";"1";"N";""
"52014";"";"F";"0";"353";"0";"";"POPPI";"40";"1";"RB6";"AR";"ZEUS IMPIANTI SRL";"0";"1";"N";""
"52014";"";"F";"0";"370";"0";"";"POPPI";"40";"1";"R.D";"AR";"ATLANTIC OIL-ALEX SNC DI";"0";"1";"N";""
"52014";"";"F";"0";"373";"0";"";"POPPI";"40";"2";"R.D";"AR";"CASENTINO PROMOTION DI";"0";"1";"N";""
"52014";"";"F";"0";"430";"0";"";"POPPI";"40";"1";"RD3";"AR";"IDRAULICA BONINI SRL";"0";"1";"N";""
"52014";"";"F";"0";"444";"0";"";"POPPI";"40";"2";"R.D";"AR";"L ANGOLO DELLA CASA DI";"0";"1";"N";""
"52014";"";"F";"0";"462";"0";"";"POPPI";"40";"1";"RB6";"AR";"GELATI SRL";"0";"1";"N";""
"52014";"";"F";"0";"50";"0";"";"POPPI";"40";"1";"R.D";"AR";"UNIONE DEI COMUNI MONTANI DEL";"0";"1";"N";""
"52014";"";"F";"0";"521";"0";"";"POPPI";"40";"1";"RD3";"AR";"FINSYSTEM 2.0 SRL";"0";"1";"N";""
"52014";"";"F";"0";"525";"0";"";"POPPI";"40";"1";"RD3";"AR";"AREA X ELETTRONICA SNC";"0";"1";"N";""
"52014";"";"F";"0";"526";"0";"";"POPPI";"40";"1";"RD3";"AR";"OFFICINA VAGNOLI ENRICO SNC";"0";"1";"N";""
"52014";"";"F";"0";"53";"0";"";"POPPI";"40";"2";"RD3";"AR";"IDRAULICA BONINI GIANCARLO DI";"0";"1";"N";""
"52014";"";"F";"0";"531";"0";"";"POPPI";"40";"1";"R.D";"AR";"IL BISTROT SNC";"0";"1";"N";""
"52014";"";"F";"0";"54";"0";"";"PONTE A POPPI - POPPI";"40";"2";"R.D";"AR";"FARMACIA VELTRONI DR.DANI";"0";"1";"N";""
"52014";"";"F";"0";"540";"0";"";"POPPI";"40";"2";"RD3";"AR";"SIRBU DANIEL";"0";"1";"N";""
"52014";"";"F";"0";"583";"0";"";"POPPI";"40";"1";"RD3";"AR";"SPADI SRL";"0";"1";"N";""
"52014";"";"F";"0";"60";"0";"";"POPPI";"40";"2";"RD3";"AR";"MUNICCHI GIANFRANCO";"0";"1";"N";""
"52014";"";"F";"0";"623";"0";"";"POPPI";"40";"1";"";"AR";"ROSSOBIRRA DI ACCIAI MARCELLA";"0";"1";"N";""
"52014";"";"F";"0";"71";"0";"";"POPPI";"40";"1";"RB3";"AR";"ROSSI GOMME SNC DI ROSSI";"0";"1";"N";""
"52014";"";"F";"0";"79";"0";"";"CORTONA";"40";"1";"R.D";"AR";"ROSSI LUCIA";"0";"1";"N";""
"52014";"";"F";"0";"80";"0";"";"CORTONA";"40";"2";"R.D";"AR";"ROSSI FABRIZIO";"0";"1";"N";""
"52014";"";"F";"0";"82";"0";"";"PONTE A POPPI";"40";"2";"R.D";"AR";"IMPREDA EDILE MATINI ADAMO";"0";"1";"N";""
"52014";"";"F";"0";"86";"0";"";"POPPI";"40";"1";"RD3";"AR";"MAGGI MARIANO SERVIZI ECOLOG.";"0";"1";"N";""
"52014";"";"F";"0";"88";"0";"";"POPPI";"40";"1";"R.D";"AR";"AZIENDA AGRICOLA SAN MARCO";"0";"1";"N";""
"52014";"DET";"C";"0";"147";"0";"88";"POPPI";"14";"1";"RD3";"AR";"RIST.CASENTINO DA BENITO DI";"0";"0";"1";"16"
"52014";"DET";"C";"0";"28";"0";"";"POPPI";"14";"1";"R.D";"AR";"MAGGI MARIANO SRL";"0";"0";"2";"16"
"52014";"DOO";"C";"0";"100";"0";"65";"POPPI";"14";"1";"RD3";"AR";"SUPERMERCATO FATUCCHI SAS";"0";"0";"1";"16"
"52014";"ECO";"C";"0";"29";"0";"EC";"POPPI";"13";"2";"P";"AR";"CLIENTE 29";"0";"0";"2";"16"
"52015";"";"C";"0";"27";"0";"";"PRATOVECCHIO-STIA";"14";"1";"R.D";"AR";"MCS SRL";"0";"0";"2";"16"
"52015";"";"F";"0";"150";"0";"";"PRATOVECCHIO";"40";"1";"R.D";"AR";"SANGIOVESE SNC DI";"0";"1";"N";""
"52015";"";"F";"0";"163";"0";"";"PRATOVECCHIO";"40";"2";"R.D";"AR";"STUDIO COMM.VEZZOSI DR.SILVIO";"0";"1";"N";""
"52015";"";"F";"0";"312";"0";"";"PRATOVECCHIO-STIA";"40";"2";"R.D";"AR";"OSTERIA CARAMBAR DI GORETTI";"0";"1";"N";""
"52015";"";"F";"0";"371";"0";"";"PRATOVECCHIO";"40";"1";"R.D";"AR";"A.S.D.FALTERONA ALTO CASENTINO";"0";"1";"N";""
"52015";"";"F";"0";"42";"0";"";"PRATOVECCHIO";"40";"1";"RD6";"AR";"IDEA 2000 I.L.";"0";"1";"N";""
"52015";"";"F";"0";"504";"0";"";"PRATOVECCHIO STIA";"40";"2";"R.D";"AR";"LEONARDO NORCINI";"0";"1";"N";""
"52015";"ECO";"C";"0";"5";"0";"EC";"PRATOVECCHIO";"13";"2";"P";"AR";"CLIENTE 30";"0";"0";"2";"16"
"52016";"";"F";"0";"210";"0";"";"RASSINA";"40";"2";"RD3";"AR";"RES DI PIANTINI GIACOMO";"0";"1";"N";""
"52016";"";"F";"0";"245";"0";"";"RASSINA";"40";"2";"R.D";"AR";"ELETTROCALOR DI FALSETTI";"0";"1";"N";""
"52016";"";"F";"0";"325";"0";"";"CASTEL FOCOGNANO";"40";"1";"RD3";"AR";"CRIVAL METALPLAST SRL";"0";"1";"N";""
"52016";"";"F";"0";"549";"0";"";"CASTEL FOCOGNANO";"40";"1";"RD3";"AR";"VITOR MONTAGGI SRLS";"0";"1";"N";""
"52016";"DOO";"C";"0";"125";"0";"76";"RASSINA-CASTEL FOCOGNANO";"14";"1";"RD3";"AR";"LA FUTURA SRL";"0";"0";"3";"16"
"52017";"";"F";"0";"46";"0";"";"STIA";"40";"1";"R.D";"AR";"RISTORANTE LA RANA DA FILETTO";"0";"1";"N";""
"52017";"";"F";"0";"473";"0";"";"STIA";"40";"1";"RD3";"AR";"CARROZZERIA LISI SNC";"0";"1";"N";""
"52017";"";"F";"0";"545";"0";"";"STIA";"40";"2";"RB6";"AR";"ARTI GRAFICHE CIANFERONI DI";"0";"1";"N";""
"52018";"";"F";"0";"151";"0";"";"CASTEL SAN NICCOLO'";"40";"1";"R.D";"AR";"F.LLI ALOIGI SRL";"0";"1";"N";""
"52018";"";"F";"0";"155";"0";"";"CASTEL SAN NICCOLO'";"40";"1";"RD3";"AR";"AZIENDA AGRICOLA CASENTINO SRL";"0";"1";"N";""
"52018";"";"F";"0";"190";"0";"";"CASTEL SAN NICCOLO'";"40";"2";"RD3";"AR";"PRATOMAGNO FUNGHI DI ALESSIO";"0";"1";"N";""
"52018";"";"F";"0";"272";"0";"";"CASTEL SAN NICCOLO'";"40";"2";"R.D";"AR";"LISI ANTONIO SRL";"0";"1";"N";""
"52018";"";"F";"0";"390";"0";"";"CASTEL SAN NICCOLO'";"40";"1";"R.D";"AR";"ANTICO FORNO SRL";"0";"1";"N";""
"52018";"";"F";"0";"391";"0";"";"CASTEL SAN NICCOLO'";"40";"2";"R.D";"AR";"ST.TECNICO GEOM.WALTER BENUCCI";"0";"1";"N";""
"52018";"";"F";"0";"517";"0";"";"CASTEL SAN NICCOLO'";"40";"2";"R.D";"AR";"DITTA SASSOLI TIZIANO";"0";"1";"N";""
"52018";"";"F";"0";"52";"0";"";"CASTEL SAN NICCOLO'";"40";"1";"RD3";"AR";"PICCINOTTI SRL";"0";"1";"N";""
"52018";"";"F";"0";"68";"0";"";"CASTEL SAN NICCOLO'";"40";"2";"RD6";"AR";"TECNOIMPIANTI DI VANNINI";"0";"1";"N";""
"52018";"DET";"C";"0";"146";"0";"1";"CASTEL SAN NICCOLO'";"14";"2";"R.D";"AR";"AZ.AG.BORGO CAIANO diSTOPPIONI";"0";"0";"2";"16"
"52018";"DET";"C";"0";"153";"0";"93";"CASTEL SAN NICCOLO'";"14";"1";"RD3";"AR";"ANTICO FORNO SRL";"0";"0";"1";"16"
"52018";"DET";"C";"0";"51";"0";"28";"CASTEL SAN NICCOLO'";"14";"1";"R.D";"AR";"F.LLI ALOIGI SRL";"0";"0";"2";"16"
"52025";"";"F";"0";"554";"0";"";"MONTEVARCHI";"40";"1";"R.D";"AR";"HOLDING 20.19 SRL";"0";"1";"N";""
"52028";"";"F";"0";"332";"0";"";"TERRANUOVA BRACCIOLINI";"40";"2";"R.D";"AR";"MACELLERIA GIACCHERINI DI";"0";"1";"N";""
"52028";"";"F";"0";"543";"0";"";"TERRANUOVA BRACCIOLINI";"40";"2";"R.D";"AR";"BAGLIONI NEDO";"0";"1";"N";""
"52030";"";"F";"0";"93";"0";"";"AREZZO";"40";"1";"RB3";"AR";"SINTESI TOSCANA SERVIZI SRL";"0";"1";"N";""
"52037";"";"F";"0";"118";"0";"";"SANSEPOLCRO";"40";"2";"R.D";"AR";"GAGLIARDI RUGGERO PAOLO";"0";"1";"N";""
"52037";"";"F";"0";"236";"0";"";"SANSEPOLCRO";"40";"1";"RD3";"AR";"KALI' SAS";"0";"1";"N";""
"52037";"DOO";"C";"0";"117";"0";"73";"SAN SEPOLCRO";"14";"1";"RD3";"AR";"INIZIATIVE ALIMENTARI SRL";"0";"0";"1";"16"
"52040";"";"C";"0";"21";"0";"67";"CIVITELLA IN VALDICHIANA";"14";"2";"RD3";"AR";"I SAPORI DELLA NONNA DI";"0";"0";"1";"16"
"52040";"";"C";"0";"30";"0";"67";"CIVITELLA IN VALDICHIANA";"14";"1";"RD3";"AR";"I SAPORI DELLA NONNA SRL";"0";"0";"1";"16"
"52041";"";"F";"0";"29";"0";"";"LOC. PIEVE AL TOPPO";"40";"2";"3RD";"AR";"I SAPORI DELLA NONNA";"0";"1";"N";""
"52041";"";"F";"0";"63";"0";"";"CIVITELLA DELLA CHIANA";"40";"1";"RD3";"AR";"ROSSI SRL";"0";"1";"N";""
"52041";"";"F";"0";"66";"0";"";"CIVITELLA DELLA CHIANA";"40";"1";"RD3";"AR";"I SAPORI DELLA NONNA SRL";"0";"1";"N";""
"52043";"";"F";"0";"320";"0";"";"CASTIGLION FIORENTINO";"40";"1";"RD6";"AR";"EFFETRE SRL";"0";"1";"N";""
"52043";"";"F";"0";"475";"0";"";"CASTIGLION FIORENTINO";"40";"2";"R.D";"AR";"M.R.G.IMBALLAGGI DI ROSSI";"0";"1";"N";""
"52044";"";"C";"0";"36";"0";"16";"CORTONA";"14";"1";"RD3";"AR";"SERVIZI RE SRL";"0";"0";"1";"16"
"52045";"";"F";"0";"130";"0";"";"FOIANO DELLA CHIANA";"40";"1";"RB6";"AR";"CASEIFIC. MATTEASSI ONELIO SRL";"0";"1";"N";""
"52047";"";"C";"0";"66";"0";"68";"MARCIANO DELLA CHIANA";"14";"2";"CON";"AR";"CLIENTE 50";"0";"0";"2";"16"
"52047";"";"F";"0";"378";"0";"";"MARCIANO DELLA CHIANA";"40";"1";"RD3";"AR";"CHIMERA FRESH LINE SNC DI";"0";"1";"N";""
"52048";"";"C";"0";"23";"0";"1";"MONTE SAN SAVINO";"14";"1";"R.D";"AR";"LODOVICHI RICEVIMENTI SRL";"0";"0";"1";"16"
"52048";"";"F";"0";"109";"0";"";"MONTE SAN SAVINO";"40";"1";"RB3";"AR";"PULICOOP SOCIETA' COOPERATIVA";"0";"1";"N";""
"52048";"";"F";"0";"19";"0";"";"MONTE SAN SAVINO";"40";"1";"RBB";"AR";"OLEIFICIO TOSCANO MORETTINI";"0";"1";"N";""
"52048";"DET";"C";"0";"68";"0";"59";"MONTE SAN SAVINO";"14";"2";"R.D";"AR";"TRATTORIA DEL FORNO DI";"0";"0";"2";"16"
"52100";"";"C";"0";"18";"0";"7";"AREZZO";"14";"1";"RD3";"AR";"D.I.P.A. SNC";"0";"0";"1";"16"
"52100";"";"C";"0";"2";"0";"3";"AREZZO";"14";"1";"RD3";"AR";"CADLA Spa";"0";"0";"1";"16"
"52100";"";"C";"0";"3";"0";"4";"AREZZO";"14";"1";"RD3";"AR";"CADLA S.p.a.";"0";"0";"1";"16"
"52100";"";"C";"0";"31";"0";"6";"AREZZO";"14";"1";"RD3";"AR";"S.A.M.A. SRL";"0";"0";"1";"16"
"52100";"";"C";"0";"63";"0";"35";"AREZZO";"14";"1";"R.D";"AR";"IMECI SRL";"0";"0";"2";"16"
"52100";"";"F";"0";"104";"0";"";"AREZZO";"40";"1";"R.D";"AR";"DR.MODIANO & ASSOCIATI SPA";"0";"1";"N";""
"52100";"";"F";"0";"121";"0";"";"AREZZO";"40";"1";"3RD";"AR";"VERA TOSCANA S.R.L.";"0";"1";"N";""
"52100";"";"F";"0";"186";"0";"";"AREZZO";"40";"1";"RD3";"AR";"CLUODITALIA TELECOMUNICAZ.SPA";"0";"1";"N";""
"52100";"";"F";"0";"193";"0";"";"AREZZO";"40";"1";"RB3";"AR";"TEL TELEFONIA SNC DI";"0";"1";"N";""
"52100";"";"F";"0";"195";"0";"";"AREZZO";"40";"2";"RD3";"AR";"CASATI LAVORAZIONE FERRO";"0";"1";"N";""
"52100";"";"F";"0";"216";"0";"";"AREZZO";"40";"1";"RBB";"AR";"TRIS PARTY SERVICES SRL";"0";"1";"N";""
"52100";"";"F";"0";"223";"0";"";"AREZZO";"40";"1";"RD3";"AR";"INNOCENTI DINO SRL";"0";"1";"N";""
"52100";"";"F";"0";"255";"0";"";"AREZZO";"40";"1";"R3S";"AR";"TEMACO DIVISIONE COSTANTER SPA";"0";"1";"N";""
"52100";"";"F";"0";"264";"0";"";"AREZZO";"40";"1";"RD3";"AR";"FRATELLI PRATESI SNC";"0";"1";"N";""
"52100";"";"F";"0";"273";"0";"";"AREZZO";"40";"1";"R.D";"AR";"GIUSTINIANI SRL";"0";"1";"N";""
"52100";"";"F";"0";"276";"0";"";"AREZZO";"40";"1";"RD3";"AR";"BI-EFFE SERVIZI DI MENCHINI";"0";"1";"N";""
"52100";"";"F";"0";"294";"0";"";"AREZZO";"40";"9";"RD3";"AR";"ASSOCIAZIONE INDUSTRIALI DI";"0";"1";"N";""
"52100";"";"F";"0";"30";"0";"";"AREZZO";"40";"1";"RD3";"AR";"D.I.P.A. SNC DI";"0";"1";"N";""
"52100";"";"F";"0";"346";"0";"";"AREZZO";"40";"1";"R3D";"AR";"CENTRO SERRAMENTI 2000 SNC";"0";"1";"N";""
"52100";"";"F";"0";"358";"0";"";"AREZZO";"40";"1";"RD6";"AR";"NATURBOSCO SNC";"0";"1";"N";""
"52100";"";"F";"0";"36";"0";"";"AREZZO";"40";"1";"";"AR";"CADLA S.p.a.";"0";"1";"N";""
"52100";"";"F";"0";"372";"0";"";"AREZZO";"40";"1";"RD3";"AR";"FLEX LINE SRL";"0";"1";"N";""
"52100";"";"F";"0";"381";"0";"";"AREZZO";"40";"1";"R.D";"AR";"IBISCO SRL";"0";"1";"N";""
"52100";"";"F";"0";"39";"0";"";"AREZZO";"40";"1";"RB3";"AR";"TUTTOSERVIZI SRL";"0";"1";"N";""
"52100";"";"F";"0";"407";"0";"";"AREZZO";"40";"1";"R3S";"AR";"PROGETTO ALIMENTI SRL";"0";"1";"N";""
"52100";"";"F";"0";"418";"0";"";"AREZZO";"40";"1";"RD3";"AR";"AGOSTINI B.SRL";"0";"1";"N";""
"52100";"";"F";"0";"43";"0";"";"AREZZO";"40";"1";"R.D";"AR";"NUOVE ACQUE SPA";"0";"1";"N";""
"52100";"";"F";"0";"447";"0";"";"AREZZO";"40";"2";"R.D";"AR";"AERRE IMBALLAGGI DI PISINI";"0";"1";"N";""
"52100";"";"F";"0";"472";"0";"";"AREZZO";"40";"1";"RD3";"AR";"ROCCA TOSCANA FORMAGGI SRL";"0";"1";"N";""
"52100";"";"F";"0";"489";"0";"";"AREZZO";"40";"1";"RD3";"AR";"BORGHINI SRL";"0";"1";"N";""
"52100";"";"F";"0";"496";"0";"";"AREZZO";"40";"1";"R.D";"AR";"AZIENDA UNITA' SANITARIA";"0";"1";"N";""
"52100";"";"F";"0";"534";"0";"";"AREZZO";"40";"2";"R.D";"AR";"FRANCESCO CIRIANNI";"0";"1";"N";""
"52100";"";"F";"0";"571";"0";"";"AREZZO";"40";"2";"R.D";"AR";"SANDRO PANZIERI";"0";"1";"N";""
"52100";"";"F";"0";"594";"0";"";"AREZZO";"40";"1";"R.D";"AR";"CESIC SRL";"0";"1";"N";""
"52100";"";"F";"0";"602";"0";"";"AREZZO";"40";"2";"R.D";"AR";"DOTT.FRANCESCO NARDINI";"0";"1";"N";""
"52100";"";"F";"0";"607";"0";"";"AREZZO";"40";"1";"RD3";"AR";"LA TORRE SRL";"0";"1";"N";""
"52100";"";"F";"0";"67";"0";"";"AREZZO";"40";"1";"R.D";"AR";"USL 8 AZIENDA UNITA' SANITARIA";"0";"1";"N";""
"52100";"";"F";"0";"76";"0";"";"AREZZO";"40";"1";"RB4";"AR";"C.E.V.I. SRL";"0";"1";"N";""
"52100";"";"F";"0";"8";"0";"";"AREZZO";"40";"1";"R3D";"AR";"V.A.B. S.r.L";"0";"1";"N";""
"52100";"";"F";"0";"81";"0";"";"AREZZO";"40";"1";"R.D";"AR";"BUTALI SPA - EURONICS";"0";"1";"N";""
"52100";"";"F";"0";"89";"0";"";"AREZZO";"40";"1";"RB6";"AR";"LABOR CHIMICA SRL";"0";"1";"N";""
"52100";"";"F";"0";"90";"0";"";"AREZZO";"40";"1";"R3S";"AR";"PUNTOSICUREZZA SRL";"0";"1";"N";""
"52100";"";"F";"0";"91";"0";"";"AREZZO";"40";"1";"R60";"AR";"TRIS CARTA SAS DI GORI GIANNI";"0";"1";"N";""
"52100";"";"F";"0";"99";"0";"";"AREZZO";"40";"9";"R.D";"AR";"ASSOCIAZIONE INDUSTRIALI DELLA";"0";"1";"N";""
"52100";"DET";"C";"0";"130";"0";"79";"AREZZO";"14";"1";"RD3";"AR";"MACELLERIA E GASTRON.PESCAIOLA";"0";"0";"2";"16"
"52100";"DET";"C";"0";"134";"0";"80";"AREZZO";"14";"2";"RD3";"AR";"ROBERTO ZANGARI";"0";"0";"2";"16"
"52100";"ECO";"C";"0";"14";"0";"EC";"AREZZO";"13";"2";"P";"AR";"CLIENTE 31";"0";"0";"2";"16"
"53035";"";"C";"0";"49";"0";"27";"MONTERIGGIONI";"14";"1";"RD3";"SI";"TOSCANITA' SRL";"0";"0";"2";"16"
"53035";"";"F";"0";"134";"0";"";"MONTERIGGIONI";"40";"1";"RD3";"SI";"SAPORI DI TOSCANA SPA";"0";"1";"N";""
"53035";"";"F";"0";"463";"0";"";"MONTERIGGIONI";"40";"1";"RD3";"SI";"SALCIS SAS DI MORBIDI AeC.";"0";"1";"N";""
"53036";"";"F";"0";"618";"0";"";"POGGIBONSI";"40";"4";"RD3";"SI";"FABIO CENCETTI";"0";"1";"N";""
"53036";"DET";"C";"0";"104";"0";"66";"POGGIBONSI";"14";"1";"CON";"SI";"SOC.AGRICOLA SANT'ILARIO SRL";"0";"0";"2";"16"
"53037";"";"F";"0";"484";"0";"";"SAN GIMIGNANO";"40";"1";"RD3";"SI";"SALUMIFICIO VIANI SRL";"0";"1";"N";""
"53040";"";"F";"0";"135";"0";"";"RAPOLANO TERME";"40";"1";"CON";"SI";"BATIGNANI SRL";"0";"1";"N";""
"53040";"";"F";"0";"32";"0";"";"RADICOFANI";"40";"1";"R3S";"SI";"SOC.COOPERATIVA VAL D'ORCIA";"0";"1";"N";""
"53045";"ECO";"C";"0";"36";"0";"EC";"MONTEPULCIANO";"13";"2";"P";"SI";"CLIENTE 32";"0";"0";"1";"16"
"53048";"";"F";"0";"129";"0";"";"RIGOMAGNO-SINALUNGA";"40";"1";"RS6";"SI";"MOLINO PARRI SRL";"0";"1";"N";""
"53048";"";"F";"0";"457";"0";"";"BETTOLLE-SINALUNGA";"40";"1";"R6D";"SI";"MACINAZIONI VALDICHIANA SRLS";"0";"1";"N";""
"53100";"";"C";"0";"38";"0";"17";"SIENA";"14";"1";"RD3";"SI";"LE COLOMBAIE BIO SRL";"0";"0";"2";"16"
"53100";"";"F";"0";"400";"0";"";"SIENA";"40";"1";"R.D";"SI";"NUMERO UNICO S.R.L.S";"0";"1";"N";""
"53100";"";"F";"0";"49";"0";"";"SIENA";"40";"1";"R3D";"SI";"ESTRA ENERGIE SRL";"0";"1";"N";""
"53100";"";"F";"0";"559";"0";"";"SIENA";"40";"1";"R.D";"SI";"I GERANI SWNC";"0";"1";"N";""
"54038";"";"F";"0";"301";"0";"";"MONTIGNOSO";"40";"2";"R.D";"MS";"FARUSI MATTEO";"0";"1";"N";""
"54100";"";"F";"0";"137";"0";"";"MARINA DI MASSA";"40";"1";"R.D";"MS";"RIST.PIZZ.IPPOPOTAMUS";"0";"1";"N";""
"55010";"";"F";"0";"17";"0";"";"S.SALVATORE DI MONTECARLO";"40";"1";"RBB";"LU";"LA FUSTELLA s.r.l.";"0";"1";"N";""
"55010";"";"F";"0";"188";"0";"";"GRAGNANO-CAPANNORI";"40";"1";"R.D";"LU";"PCE ITALIA SRL";"0";"1";"N";""
"55012";"";"C";"0";"72";"0";"42";"MARLIA-CAPANNORI";"14";"1";"R.D";"LU";"EFFECORTA CAPANNORI SAS";"0";"0";"1";"16"
"55016";"";"F";"0";"4";"0";"";"PORCARI";"40";"1";"RB3";"LU";"LATTERIA DEL CARLO s.r.l.";"0";"1";"N";""
"55023";"ECO";"C";"0";"21";"0";"EC";"CHIFENTI";"13";"2";"P";"LU";"CLIENTE 33";"0";"0";"1";"16"
"55041";"";"F";"0";"278";"0";"";"LIDO DI CAMAIORE";"40";"1";"RD6";"LU";"FRIGO SERVICE ITALIA SRL";"0";"1";"N";""
"55045";"";"F";"0";"131";"0";"";"PIETRASANTA";"40";"1";"R.D";"LU";"GUSTOFAST SPA";"0";"1";"N";""
"55100";"";"F";"0";"338";"0";"";"LUCCA";"40";"2";"R.D";"LU";"BURALLI PAS.DI CARDULLO SERGIO";"0";"1";"N";""
"55100";"";"F";"0";"402";"0";"";"LUCCA";"40";"2";"R.D";"LU";"BAR GELATERIA BISCUIT 84 DI";"0";"1";"N";""
"56019";"";"F";"0";"222";"0";"";"VECCHIANO";"40";"1";"R6D";"PI";"CREMA LOMBARDI SRL";"0";"1";"N";""
"56019";"";"F";"0";"576";"0";"";"VECCHIANO";"40";"1";"R.D";"PI";"RIST.RUSTICHELLO SERENA SNC DI";"0";"1";"N";""
"56019";"DET";"C";"0";"77";"0";"";"VECCHIANO";"14";"1";"R.D";"PI";"CREMA LOMBARDI SNC DI";"0";"0";"1";""
"56020";"";"F";"0";"280";"0";"";"MONTOPOLI DI VAL D'ARNO";"40";"1";"RB3";"PI";"ACQUARIA SRL";"0";"1";"N";""
"56020";"";"F";"0";"304";"0";"";"MONTOPOLI DI VAL D'ARNO";"40";"1";"RS3";"PI";"ESSENTIAL SRL";"0";"1";"N";""
"56025";"DIS";"C";"0";"162";"0";"18";"PONTEDERA";"14";"1";"RD3";"PI";"CIBOSANO ITALIA SRL";"0";"0";"2";"16"
"56025";"ECO";"C";"0";"15";"0";"EC";"PONTEDERA";"13";"2";"P";"PI";"CLIENTE 34";"0";"0";"2";"16"
"56031";"";"F";"0";"561";"0";"";"BIENTINA";"40";"1";"RBB";"PI";"PAN DI VICO SRL";"0";"1";"N";""
"56035";"";"F";"0";"115";"0";"";"PERIGNANO";"40";"1";"RB6";"PI";"EURO IMBALLAGGI SAS";"0";"1";"N";""
"56040";"";"F";"0";"364";"0";"";"MONTESCUDAIO";"40";"1";"RD3";"PI";"SALUMIFICIO SANDRI SNC DI";"0";"1";"N";""
"56043";"";"F";"0";"461";"0";"";"FAUGLIA";"40";"1";"RD3";"PI";"BUSTI FORMAGGI SRL";"0";"1";"N";""
"56048";"";"F";"0";"307";"0";"";"SALINE DI VOLTERRA";"40";"1";"R.D";"PI";"LOCATELLI SALINE DI VOLTERRA";"0";"1";"N";""
"56121";"";"F";"0";"397";"0";"";"PISA";"40";"1";"R.D";"PI";"M.P.R. SRL";"0";"1";"N";""
"57124";"";"F";"0";"308";"0";"";"LIVORNO";"40";"1";"RB6";"LI";"SCATOLIFICIO SIMONTI SRL";"0";"1";"N";""
"58015";"";"F";"0";"334";"0";"";"ORBETELLO";"40";"2";"R.D";"GR";"ROBERTA MORETTI";"0";"1";"N";""
"58100";"";"C";"0";"93";"0";"";"GROSSETO";"14";"1";"R.D";"GR";"CONSORZIO TUTELA PECORINO";"0";"0";"1";"16"
"58100";"";"F";"0";"113";"0";"";"GROSSETO";"40";"1";"R.D";"GR";"PUCCI GENNY & C.SNC";"0";"1";"N";""
"58100";"";"F";"0";"120";"0";"";"GROSSETO";"40";"1";"R.D";"GR";"RIGEL S.A.S.";"0";"1";"N";""
"58100";"";"F";"0";"211";"0";"";"GROSSETO";"40";"2";"R.D";"GR";"PAOLA SVETONI";"0";"1";"N";""
"58100";"";"F";"0";"271";"0";"";"GROSSETO";"40";"2";"RD3";"GR";"PHOTOEDIZIONI DI CARLO BONAZZA";"0";"1";"N";""
"58100";"";"F";"0";"287";"0";"";"GROSSETO";"40";"2";"R.D";"GR";"FORMATO LIBERO DI";"0";"1";"N";""
"58100";"";"F";"0";"342";"0";"";"GROSSETO";"40";"1";"R.D";"GR";"CTP 2000 SRL";"0";"1";"N";""
"58100";"";"F";"0";"347";"0";"";"GROSSETO";"40";"1";"R.D";"GR";"BRICO & GARDEN SRL";"0";"1";"N";""
"58100";"";"F";"0";"435";"0";"";"GROSSETO";"40";"1";"RD6";"GR";"ICED SPA";"0";"1";"N";""
"58100";"";"F";"0";"65";"0";"";"GROSSETO";"40";"2";"RD3";"GR";"FORMATO LIBERO DI SVETONI";"0";"1";"N";""
"58100";"";"F";"0";"83";"0";"";"GROSSETO";"40";"1";"R.D";"GR";"CONSORZIO TUTELA PECORINO";"0";"1";"N";""
"59013";"";"F";"0";"548";"0";"";"MONTEMURLO";"40";"1";"RD3";"PO";"SARTECH S.R.L.S";"0";"1";"N";""
"59013";"";"F";"0";"577";"0";"";"MONTEMURLO";"40";"1";"RD3";"PO";"ZAGHE SRL";"0";"1";"N";""
"59100";"";"F";"0";"256";"0";"";"PRATO";"40";"1";"R.D";"PO";"GLOBALTHERM SRL";"0";"1";"N";""
"59100";"";"F";"0";"26";"0";"";"PRATO";"40";"1";"B15";"PO";"GTHERM S.r.l.";"0";"1";"N";""
"59100";"";"F";"0";"337";"0";"";"PRATO";"40";"2";"RD3";"PO";"DOTT.AGR.MARCO FILONI";"0";"1";"N";""
"59100";"";"F";"0";"582";"0";"";"PRATO";"40";"1";"RB3";"PO";"DLM SRL";"0";"1";"N";""
"59100";"";"F";"0";"586";"0";"";"PRATO";"40";"2";"R.D";"PO";"TOMMASO RANDELLI";"0";"1";"N";""
"5953";"DIS";"C";"0";"107";"8";"62";"DIETIKON-SVIZZERA";"14";"3";"R.D";"CH";"DIVINA FOOD AG";"0";"0";"2";"28"
"61032";"";"F";"0";"468";"0";"";"FANO";"40";"1";"RD3";"PU";"SACCHI TARTUFI SRL";"0";"1";"N";""
"61032";"";"F";"0";"615";"0";"";"FANO";"40";"1";"RD6";"PU";"SACCHI TARTUFI INTERNAZIONALE";"0";"1";"N";""
"61121";"";"F";"0";"258";"0";"";"PESARO";"40";"1";"RD3";"PS";"GIGLIO SRL";"0";"1";"N";""
"61121";"";"F";"0";"464";"0";"";"PESARO";"40";"1";"R.D";"PU";"REAL ESTATE MANAGEMENT SRL";"0";"1";"N";""
"6211";"DIS";"C";"0";"144";"41";"87";"ST MAASTRICHT-NETHERLANDS";"14";"4";"R.D";"NL";"PASSIONE E PURA";"0";"0";"2";"33"
"63076";"";"F";"0";"175";"0";"";"MONTEPRANDONE";"40";"1";"RD6";"AP";"S.L. FREDDO SRL";"0";"1";"N";""
"6341";"";"F";"0";"322";"0";"";"BAAR -SWITZERLAND";"40";"3";"R.D";"CH";"MIAG C.V. AMSTERDAM NL";"0";"1";"N";""
"63816";"";"F";"0";"300";"0";"";"FRANCAVILLA D'ETE";"40";"1";"RBB";"FM";"SIFA SPA";"0";"1";"N";""
"63848";"";"F";"0";"12";"0";"";"PETRITOLI";"40";"1";"R3D";"FM";"MONALDI AURELIO S.r.l.";"0";"1";"N";""
"64026";"";"F";"0";"94";"0";"";"ROSETO DEGLI ABRUZZI";"40";"1";"RD3";"TE";"QUARTIGLIA SPA";"0";"1";"N";""
"65125";"";"F";"0";"198";"0";"";"PESCARA";"40";"2";"R.D";"PE";"MARCHEGIANI LAURA";"0";"1";"N";""
"6830";"";"F";"0";"367";"0";"";"CHIASSO";"40";"3";"R.D";"CH";"CIPPA TRASPORTI SA -CH";"0";"1";"N";""
"70017";"";"F";"0";"285";"0";"";"PUTIGNANO";"40";"1";"RD3";"BA";"CASEIFICIO PALAZZO SPA";"0";"1";"N";""
"70018";"";"F";"0";"616";"0";"";"RUTIGLIANO";"40";"1";"RD3";"BA";"APULIA DISTRIBUZIONE SRL";"0";"1";"N";""
"70018";"GDOAP";"C";"0";"143";"0";"86";"RUTIGLIANO";"14";"1";"RD3";"BA";"APULIA DISTRIBUZIONE SRL";"0";"0";"2";"13"
"70023";"";"F";"0";"437";"0";"";"GIOIA DEL COLLE";"40";"1";"RD3";"BA";"LA BELLA GIOIA SRL";"0";"1";"N";""
"70033";"";"F";"0";"467";"0";"";"CORATO";"40";"1";"RD3";"BA";"MAIORA SRL";"0";"1";"N";""
"70033";"GDODE";"C";"0";"126";"0";"77";"CORATO";"14";"1";"RD3";"BA";"MAIORA SRL";"0";"0";"2";"3"
"71048";"";"F";"0";"288";"0";"";"STORNARELLA";"40";"1";"R.D";"FG";"FIORDELISI SRL";"0";"1";"N";""
"72027";"DSCEU";"C";"0";"114";"0";"69";"SAN PIETRO VERNOTICO";"14";"1";"RD3";"BR";"EUROSPIN PUGLIA SPA";"0";"0";"2";"13"
"74076";"";"C";"0";"165";"0";"";"HEILBRONN-DEUTSCHLAND";"14";"4";"R.D";"DE";"LIDL STIFTUNG & CO KG";"0";"0";"1";""
"75007";"";"C";"0";"16";"41";"39";"PARIS";"14";"4";"R3D";"FR";"LA GRANDE EPICERIE PARIS";"0";"0";"1";"E"
"76016";"DIS";"C";"0";"152";"0";"92";"MARGHERITA DI SAVOIA";"14";"2";"R.D";"BT";"CHIARAZZO FOOD GROUP DI";"0";"0";"2";"34"
"80014";"";"F";"0";"159";"0";"";"GIUGLIANO IN CAMPANIA";"40";"1";"R.D";"";"FONE SRL";"0";"1";"N";""
"80026";"";"C";"0";"35";"0";"11";"CASORIA";"14";"2";"CON";"";"INGR.AGROALIM.DI ZARRO SIMONE";"0";"0";"2";"4"
"80034";"";"F";"0";"555";"0";"";"MARIGLIANO";"40";"1";"R.D";"";"A.LU.MA IMMOBILIARE SRL";"0";"1";"N";""
"80045";"";"F";"0";"70";"0";"";"POMPEI";"40";"1";"R.D";"";"E.A.F.SRL";"0";"1";"N";""
"80053";"";"F";"0";"440";"0";"";"CASTELLAMARE DI STABIA";"40";"2";"R.D";"";"TRAVERSO DOTT.GIORGIO";"0";"1";"N";""
"80059";"";"F";"0";"529";"0";"";"TORRE DEL GRECO";"40";"1";"R.D";"";"AVILIA GROUP SRL";"0";"1";"N";""
"80067";"";"F";"0";"465";"0";"";"SORRENTO";"40";"2";"RD3";"";"AZIENDA AG.GALANO OSVALDO";"0";"1";"N";""
"80122";"";"F";"0";"147";"0";"";"NAPOLI";"40";"1";"R.D";"";"IL TULIPANO SRL";"0";"1";"N";""
"80138";"";"F";"0";"395";"0";"";"NAPOLI";"40";"1";"R.D";"";"MEGAEMME SRL";"0";"1";"N";""
"80143";"";"C";"0";"32";"0";"";"NAPOLI";"14";"1";"P";"";"CAFE' DE PARIS SAS";"0";"0";"1";"4"
"80143";"ECO";"C";"0";"42";"0";"";"NAPOLI";"14";"2";"R.D";"";"CLIENTE 51";"0";"0";"2";"4"
"80995";"DIS";"C";"0";"155";"41";"94";"MUNCHEN-GERMANY";"14";"4";"R.D";"DE";"DI CARLO GROUP di DI CARLO";"0";"0";"2";"24"
"81030";"";"C";"0";"50";"0";"23";"ORTA DI ATELLA";"14";"1";"RD3";"CE";"IPERMESS SRL";"0";"0";"2";"4"
"81050";"";"F";"0";"181";"0";"";"VITULAZIO";"40";"1";"R.D";"CE";"BM RETAIL SRL UNIPERSONALE";"0";"1";"N";""
"81100";"";"F";"0";"527";"0";"";"CASERTA";"40";"1";"RD3";"CE";"CIACK PROMOTION SRL";"0";"1";"N";""
"82011";"";"F";"0";"449";"0";"";"AIROLA";"40";"1";"RD3";"BN";"CONSORZIO EMME";"0";"1";"N";""
"83042";"";"F";"0";"69";"0";"";"ATRIPALDA";"40";"2";"R.D";"AV";"TRATTORIA VALLEVERDE DI";"0";"1";"N";""
"8330";"";"C";"0";"106";"0";"";"BEDER DANMARK";"14";"4";"";"DK";"SAPORITALIA APS";"0";"0";"1";""
"8330";"";"F";"0";"399";"0";"";"BEDER -DANMARK";"40";"4";"RD3";"DK";"SAPORITALIA APS";"0";"1";"N";""
"84012";"";"F";"0";"87";"0";"";"ANGRI";"40";"2";"R.D";"SA";"TESTA CARMINE";"0";"1";"N";""
"84018";"DIS";"C";"3";"56";"0";"24";"SCAFATI";"14";"2";"CON";"SA";"A.S.DISTRIBUZIONE DI";"0";"0";"2";"4"
"84034";"";"F";"0";"524";"0";"";"PADULA";"40";"1";"R.D";"SA";"SHOPNOW SRL";"0";"1";"N";""
"84091";"";"F";"0";"158";"0";"";"BATTIPAGLIA";"40";"1";"R.D";"SA";"DINER SAS DI ESPOSITO DOMENICO";"0";"1";"N";""
"84091";"";"F";"0";"177";"0";"";"BATTIPAGLIA";"40";"1";"R.D";"SA";"BOSCO&CO. DI GERARDO BOSCO SAS";"0";"1";"N";""
"84091";"";"F";"0";"215";"0";"";"BATTIPAGLIA";"40";"1";"R.D";"SA";"SABBIADORO GESTIONI SRL";"0";"1";"N";""
"84131";"DIS";"C";"0";"96";"0";"54";"SALERNO";"14";"1";"RD6";"SA";"IL CENTRO SRL";"0";"0";"2";"4"
"85024";"ECO";"C";"0";"23";"0";"EC";"LAVELLO";"13";"2";"P";"PZ";"CLIENTE 35";"0";"0";"2";"2"
"85100";"";"F";"0";"148";"0";"";"POTENZA";"40";"1";"R.D";"PZ";"GDA SPA";"0";"1";"N";""
"85100";"DOO";"C";"0";"19";"0";"58";"POTENZA";"14";"1";"RD3";"PZ";"GDA SPA";"0";"0";"1";"2"
"87036";"";"C";"1";"45";"0";"23";"RENDE";"14";"2";"CON";"CS";"CLIENTE 52";"0";"0";"2";"3"
"87100";"";"F";"0";"228";"0";"";"COSENZA";"40";"1";"R.D";"CS";"MEDITERRANEA SRL";"0";"1";"N";""
"87100";"";"F";"0";"230";"0";"";"COSENZA";"40";"1";"R.D";"CS";"GIA SRL";"0";"1";"N";""
"8952";"DIS";"C";"0";"25";"23";"21";"SCHLIEREN -SVIZZERA-CH";"14";"3";"R3D";"CH";"ALEARDI";"0";"0";"2";"28"
"90039";"ECO";"C";"0";"33";"0";"EC";"VILLABATE";"13";"2";"P";"PA";"CLIENTE 36";"0";"0";"2";"15"
"90127";"";"C";"0";"40";"0";"18";"PALERMO";"14";"1";"CON";"PA";"C&G DI CATALANO ANDREA SAS";"0";"0";"2";"15"
"90142";"";"C";"0";"41";"0";"18";"PALERMO";"14";"2";"CON";"PA";"INGROSSO FANARA GREGORIO";"0";"0";"2";"15"
"90144";"";"C";"0";"39";"0";"18";"PALERMO";"14";"2";"RD3";"PA";"CLIENTE 53";"0";"0";"2";"15"
"90146";"";"F";"0";"145";"0";"";"PALERMO";"40";"2";"RD3";"PA";"FRANCESCO GIALLONGO";"0";"1";"N";""
"91025";"";"F";"0";"306";"0";"";"MARSALA";"40";"1";"RD6";"TP";"POLIPACK SRL";"0";"1";"N";""
"94300";"";"F";"0";"302";"0";"";"VINCENNES FRANCE";"40";"4";"R.D";"FR";"WISH INTERNATIONAL SARL";"0";"1";"N";""
"94300";"DIS";"C";"0";"65";"41";"36";"VINCENNES-FRANCE";"14";"4";"RD4";"FR";"WISH INTERNATIONAL SARL";"0";"0";"B";"21"
"95121";"DSCEU";"C";"0";"115";"0";"69";"CATANIA";"14";"1";"RD3";"CT";"EUROSPIN SICILIA SPA";"0";"0";"2";"15"
"95240";"C&CHO";"C";"0";"90";"41";"";"CORMEILLES EN PARISIS";"14";"4";"R.D";"FR";"STORIA E SAPORI";"0";"0";"2";"21"
"9850";"";"C";"0";"85";"0";"";"HIRTSHALS DK";"14";"4";"R.D";"DK";"JELEX SEAFOOD A/S";"0";"0";"1";"29"
"L1470";"C&CHO";"C";"1";"142";"41";"85";"LUXEMBOURG";"14";"4";"P";"LU";"LA FOCACCERIA";"0";"0";"2";"31"
"WC2H";"";"C";"0";"101";"0";"";"9JQ GREATER LONDON";"14";"4";"";"UK";"AD SOFTWARE LTD";"0";"0";"1";""
"WC2H";"";"F";"0";"384";"0";"";"9JQ GREATER LONDON";"40";"4";"R.D";"UK";"AD SOFTWARE LTD";"0";"1";"N";""
